{
  "EURUSD": [
    {
      "bos_idx": 20,
      "bos_swing_price": 1.1578094959259033,
      "ob_idx": 10,
      "direction": "bullish",
      "bos_tag": "CHoCH",
      "high": 1.1548677682876587,
      "low": 1.154068112373352,
      "proximal_line": 1.1548677682876587,
      "distal_line": 1.154068112373352,
      "median_leg_body": 0.000466763973236084,
      "ob_body": 0.00013327598571777344,
      "fvg": {
        "exists": false,
        "fvg_top": null,
        "fvg_bottom": null,
        "c1_idx": null,
        "c3_idx": null
      },
      "touches": 0,
      "status": "Pristine"
    },
    {
      "bos_idx": 22,
      "bos_swing_price": 1.1578094959259033,
      "ob_idx": 21,
      "direction": "bullish",
      "bos_tag": "BOS",
      "high": 1.1586142778396606,
      "low": 1.1575413942337036,
      "proximal_line": 1.1586142778396606,
      "distal_line": 1.1575413942337036,
      "median_leg_body": 0.0004672408103942871,
      "ob_body": 0.00040221214294433594,
      "fvg": {
        "exists": false,
        "fvg_top": null,
        "fvg_bottom": null,
        "c1_idx": null,
        "c3_idx": null
      },
      "touches": 0,
      "status": "Pristine"
    },
    {
      "bos_idx": 148,
      "bos_swing_price": 1.1791062355041504,
      "ob_idx": 145,
      "direction": "bearish",
      "bos_tag": "CHoCH",
      "high": 1.18035888671875,
      "low": 1.1798018217086792,
      "proximal_line": 1.1798018217086792,
      "distal_line": 1.18035888671875,
      "median_leg_body": 0.00034815073013305664,
      "ob_body": 0.0002785921096801758,
      "fvg": {
        "exists": true,
        "fvg_top": 1.1793843507766724,
        "fvg_bottom": 1.1791062355041504,
        "c1_idx": 147,
        "c3_idx": 149
      },
      "touches": 1,
      "status": "Tested (1x)"
    }
  ],
  "USDJPY": [
    {
      "bos_idx": 114,
      "bos_swing_price": 159.55299377441406,
      "ob_idx": 113,
      "direction": "bearish",
      "bos_tag": "BOS",
      "high": 159.75399780273438,
      "low": 159.56700134277344,
      "proximal_line": 159.56700134277344,
      "distal_line": 159.75399780273438,
      "median_leg_body": 0.1720123291015625,
      "ob_body": 0.1720123291015625,
      "fvg": {
        "exists": false,
        "fvg_top": 159.44400024414062,
        "fvg_bottom": 159.41099548339844,
        "c1_idx": null,
        "c3_idx": null
      },
      "touches": 0,
      "status": "Pristine"
    },
    {
      "bos_idx": 148,
      "bos_swing_price": 158.93600463867188,
      "ob_idx": 145,
      "direction": "bullish",
      "bos_tag": "CHoCH",
      "high": 158.88299560546875,
      "low": 158.76100158691406,
      "proximal_line": 158.88299560546875,
      "distal_line": 158.76100158691406,
      "median_leg_body": 0.0810089111328125,
      "ob_body": 0.0319976806640625,
      "fvg": {
        "exists": false,
        "fvg_top": null,
        "fvg_bottom": null,
        "c1_idx": null,
        "c3_idx": null
      },
      "touches": 2,
      "status": "Tested (2x)"
    }
  ],
  "NZDUSD": [
    {
      "bos_idx": 22,
      "bos_swing_price": 0.5723443031311035,
      "ob_idx": 21,
      "direction": "bullish",
      "bos_tag": "CHoCH",
      "high": 0.571493923664093,
      "low": 0.570711076259613,
      "proximal_line": 0.571493923664093,
      "distal_line": 0.570711076259613,
      "median_leg_body": 0.0004559755325317383,
      "ob_body": 0.0006195902824401855,
      "fvg": {
        "exists": false,
        "fvg_top": null,
        "fvg_bottom": null,
        "c1_idx": null,
        "c3_idx": null
      },
      "touches": 0,
      "status": "Pristine"
    },
    {
      "bos_idx": 114,
      "bos_swing_price": 0.5842486619949341,
      "ob_idx": 113,
      "direction": "bullish",
      "bos_tag": "BOS",
      "high": 0.5847952961921692,
      "low": 0.5840098261833191,
      "proximal_line": 0.5847952961921692,
      "distal_line": 0.5840098261833191,
      "median_leg_body": 0.0008845925331115723,
      "ob_body": 0.0005807876586914062,
      "fvg": {
        "exists": false,
        "fvg_top": 0.5864070653915405,
        "fvg_bottom": 0.586029052734375,
        "c1_idx": null,
        "c3_idx": null
      },
      "touches": 0,
      "status": "Pristine"
    },
    {
      "bos_idx": 128,
      "bos_swing_price": 0.5875095129013062,
      "ob_idx": 123,
      "direction": "bullish",
      "bos_tag": "BOS",
      "high": 0.5868889093399048,
      "low": 0.5858917236328125,
      "proximal_line": 0.5868889093399048,
      "distal_line": 0.5858917236328125,
      "median_leg_body": 0.0005680322647094727,
      "ob_body": 0.0008938312530517578,
      "fvg": {
        "exists": true,
        "fvg_top": 0.5867855548858643,
        "fvg_bottom": 0.5863383412361145,
        "c1_idx": 124,
        "c3_idx": 126
      },
      "touches": 2,
      "status": "Tested (2x)"
    }
  ],
  "USDCHF": [
    {
      "bos_idx": 24,
      "bos_swing_price": 0.7978399991989136,
      "ob_idx": 22,
      "direction": "bearish",
      "bos_tag": "CHoCH",
      "high": 0.799560010433197,
      "low": 0.7986400127410889,
      "proximal_line": 0.7986400127410889,
      "distal_line": 0.799560010433197,
      "median_leg_body": 0.0003300309181213379,
      "ob_body": 0.000299990177154541,
      "fvg": {
        "exists": false,
        "fvg_top": null,
        "fvg_bottom": null,
        "c1_idx": null,
        "c3_idx": null
      },
      "touches": 1,
      "status": "Tested (1x)"
    },
    {
      "bos_idx": 128,
      "bos_swing_price": 0.7825700044631958,
      "ob_idx": 127,
      "direction": "bearish",
      "bos_tag": "BOS",
      "high": 0.7836199998855591,
      "low": 0.7828500270843506,
      "proximal_line": 0.7828500270843506,
      "distal_line": 0.7836199998855591,
      "median_leg_body": 0.00014001131057739258,
      "ob_body": 0.00014001131057739258,
      "fvg": {
        "exists": true,
        "fvg_top": 0.7821999788284302,
        "fvg_bottom": 0.7817500233650208,
        "c1_idx": 128,
        "c3_idx": 130
      },
      "touches": 0,
      "status": "Pristine"
    }
  ],
  "NAS100": [
    {
      "bos_idx": 29,
      "bos_swing_price": 24422.0,
      "ob_idx": 26,
      "direction": "bullish",
      "bos_tag": "CHoCH",
      "high": 24238.25,
      "low": 24076.75,
      "proximal_line": 24238.25,
      "distal_line": 24076.75,
      "median_leg_body": 99.25,
      "ob_body": 124.0,
      "fvg": {
        "exists": true,
        "fvg_top": 24913.5,
        "fvg_bottom": 24451.5,
        "c1_idx": 28,
        "c3_idx": 30
      },
      "touches": 0,
      "status": "Pristine"
    },
    {
      "bos_idx": 116,
      "bos_swing_price": 25393.0,
      "ob_idx": 115,
      "direction": "bullish",
      "bos_tag": "CHoCH",
      "high": 25355.0,
      "low": 25296.5,
      "proximal_line": 25355.0,
      "distal_line": 25296.5,
      "median_leg_body": 78.5,
      "ob_body": 42.5,
      "fvg": {
        "exists": false,
        "fvg_top": null,
        "fvg_bottom": null,
        "c1_idx": null,
        "c3_idx": null
      },
      "touches": 0,
      "status": "Pristine"
    },
    {
      "bos_idx": 131,
      "bos_swing_price": 25619.25,
      "ob_idx": 128,
      "direction": "bullish",
      "bos_tag": "BOS",
      "high": 25598.25,
      "low": 25571.5,
      "proximal_line": 25598.25,
      "distal_line": 25571.5,
      "median_leg_body": 25.625,
      "ob_body": 19.25,
      "fvg": {
        "exists": true,
        "fvg_top": 25609.75,
        "fvg_bottom": 25593.25,
        "c1_idx": 129,
        "c3_idx": 131
      },
      "touches": 1,
      "status": "Tested (1x)"
    }
  ],
  "GOLD": [
    {
      "bos_idx": 119,
      "bos_swing_price": 4762.5,
      "ob_idx": 115,
      "direction": "bullish",
      "bos_tag": "CHoCH",
      "high": 4743.10009765625,
      "low": 4722.5,
      "proximal_line": 4743.10009765625,
      "distal_line": 4722.5,
      "median_leg_body": 5.7001953125,
      "ob_body": 5.7001953125,