{
  "EURUSD": [
    {
      "bos_idx": 147,
      "bos_swing_price": 1.1810559034347534,
      "impulse_start_idx": 132,
      "ob_idx": 146,
      "direction": "bullish",
      "bos_tag": "BOS",
      "high": 1.1811953783035278,
      "low": 1.1800801753997803,
      "proximal_line": 1.1811953783035278,
      "distal_line": 1.1800801753997803,
      "median_leg_body": 0.000348508358001709,
      "ob_body": 0.0005577802658081055,
      "fvg": {
        "exists": false,
        "fvg_top": null,
        "fvg_bottom": null,
        "c1_idx": null,
        "c3_idx": null
      },
      "touches": 0,
      "status": "Pristine"
    }
  ],
  "USDJPY": [
    {
      "bos_idx": 147,
      "bos_swing_price": 158.74000549316406,
      "impulse_start_idx": 139,
      "ob_idx": 141,
      "direction": "bearish",
      "bos_tag": "BOS",
      "high": 159.03399658203125,
      "low": 158.9250030517578,
      "proximal_line": 158.9250030517578,
      "distal_line": 159.03399658203125,
      "median_leg_body": 0.0619964599609375,
      "ob_body": 0.0659942626953125,
      "fvg": {
        "exists": false,
        "fvg_top": null,
        "fvg_bottom": null,
        "c1_idx": null,
        "c3_idx": null
      },
      "touches": 1,
      "status": "Tested (1x)"
    },
    {
      "bos_idx": 145,
      "bos_swing_price": 158.74000549316406,
      "impulse_start_idx": 139,
      "ob_idx": 141,
      "direction": "bearish",
      "bos_tag": "CHoCH",
      "high": 159.03399658203125,
      "low": 158.9250030517578,
      "proximal_line": 158.9250030517578,
      "distal_line": 159.03399658203125,
      "median_leg_body": 0.0619964599609375,
      "ob_body": 0.0659942626953125,
      "fvg": {
        "exists": false,
        "fvg_top": null,
        "fvg_bottom": null,
        "c1_idx": null,
        "c3_idx": null
      },
      "touches": 1,
      "status": "Tested (1x)"
    }
  ],
  "NZDUSD": [
    {
      "bos_idx": 103,
      "bos_swing_price": 0.5875095129013062,
      "impulse_start_idx": 98,
      "ob_idx": 98,
      "direction": "bullish",
      "bos_tag": "BOS",
      "high": 0.5868889093399048,
      "low": 0.5858917236328125,
      "proximal_line": 0.5868889093399048,
      "distal_line": 0.5858917236328125,
      "median_leg_body": 0.0005680322647094727,
      "ob_body": 0.0008938312530517578,
      "fvg": {
        "exists": true,
        "fvg_top": 0.5867855548858643,
        "fvg_bottom": 0.5863383412361145,
        "c1_idx": 99,
        "c3_idx": 101
      },
      "touches": 2,
      "status": "Tested (2x)"
    }
  ],
  "USDCHF": [
    {
      "bos_idx": 147,
      "bos_swing_price": 0.7806000113487244,
      "impulse_start_idx": 142,
      "ob_idx": 146,
      "direction": "bearish",
      "bos_tag": "CHoCH",
      "high": 0.7816299796104431,
      "low": 0.7808499932289124,
      "proximal_line": 0.7808499932289124,
      "distal_line": 0.7816299796104431,
      "median_leg_body": 0.0002600252628326416,
      "ob_body": 0.00031000375747680664,
      "fvg": {
        "exists": false,
        "fvg_top": null,
        "fvg_bottom": null,
        "c1_idx": null,
        "c3_idx": null
      },
      "touches": 0,
      "status": "Pristine"
    }
  ],
  "NAS100": [
    {
      "bos_idx": 130,
      "bos_swing_price": 25619.25,
      "impulse_start_idx": 111,
      "ob_idx": 127,
      "direction": "bullish",
      "bos_tag": "BOS",
      "high": 25598.25,
      "low": 25571.5,
      "proximal_line": 25598.25,
      "distal_line": 25571.5,
      "median_leg_body": 25.625,
      "ob_body": 19.25,
      "fvg": {
        "exists": true,
        "fvg_top": 25609.75,
        "fvg_bottom": 25593.25,
        "c1_idx": 128,
        "c3_idx": 130
      },
      "touches": 1,
      "status": "Tested (1x)"
    },
    {
      "bos_idx": 115,
      "bos_swing_price": 25393.0,
      "impulse_start_idx": 111,
      "ob_idx": 114,
      "direction": "bullish",
      "bos_tag": "CHoCH",
      "high": 25355.0,
      "low": 25296.5,
      "proximal_line": 25355.0,
      "distal_line": 25296.5,
      "median_leg_body": 78.5,
      "ob_body": 42.5,
      "fvg": {
        "exists": false,
        "fvg_top": null,
        "fvg_bottom": null,
        "c1_idx": null,
        "c3_idx": null
      },
      "touches": 0,
      "status": "Pristine"
    }
  ],
  "GOLD": [
    {
      "bos_idx": 136,
      "bos_swing_price": 4820.39990234375,
      "impulse_start_idx": 132,
      "ob_idx": 134,
      "direction": "bullish",
      "bos_tag": "BOS",
      "high": 4800.2001953125,
      "low": 4784.2001953125,
      "proximal_line": 4800.2001953125,
      "distal_line": 4784.2001953125,
      "median_leg_body": 8.89990234375,
      "ob_body": 3.80029296875,
      "fvg": {
        "exists": true,
        "fvg_top": 4816.7001953125,
        "fvg_bottom": 4800.2001953125,
        "c1_idx": 134,
        "c3_idx": 136
      },
      "touches": 0,
      "status": "Pristine"
    }
  ]
}