{
  "EURUSD": [
    {
      "bos_idx": 147,
      "bos_swing_price": 1.1760554313659668,
      "impulse_start_idx": 132,
      "impulse_start_price": 1.1793843507766724,
      "bos_sequence_count": 1,
      "last_choch_idx": 107,
      "ob_idx": 146,
      "direction": "bearish",
      "bos_tag": "BOS",
      "high": 1.1773016452789307,
      "low": 1.1764705181121826,
      "proximal_line": 1.1764705181121826,
      "distal_line": 1.1773016452789307,
      "median_leg_body": 0.0003466010093688965,
      "ob_body": 0.00041544437408447266,
      "fvg": {
        "exists": false,
        "fvg_top": null,
        "fvg_bottom": null,
        "c1_idx": null,
        "c3_idx": null
      },
      "touches": 0,
      "status": "Pristine"
    }
  ],
  "USDJPY": [
    {
      "bos_idx": 147,
      "bos_swing_price": 159.25399780273438,
      "impulse_start_idx": 145,
      "impulse_start_price": 159.0070037841797,
      "bos_sequence_count": 2,
      "last_choch_idx": 133,
      "ob_idx": 146,
      "direction": "bullish",
      "bos_tag": "BOS",
      "high": 159.1959991455078,
      "low": 159.00799560546875,
      "proximal_line": 159.1959991455078,
      "distal_line": 159.00799560546875,
      "median_leg_body": 0.125,
      "ob_body": 0.0879974365234375,
      "fvg": {
        "exists": false,
        "fvg_top": null,
        "fvg_bottom": null,
        "c1_idx": null,
        "c3_idx": null
      },
      "touches": 0,
      "status": "Pristine"
    }
  ],
  "NZDUSD": [
    {
      "bos_idx": 131,
      "bos_swing_price": 0.5895531177520752,
      "impulse_start_idx": 130,
      "impulse_start_price": 0.5886161923408508,
      "bos_sequence_count": 0,
      "last_choch_idx": 131,
      "ob_idx": 130,
      "direction": "bullish",
      "bos_tag": "CHoCH",
      "high": 0.5893446803092957,
      "low": 0.5886161923408508,
      "proximal_line": 0.5893446803092957,
      "distal_line": 0.5886161923408508,
      "median_leg_body": 0.00128898024559021,
      "ob_body": 0.00034695863723754883,
      "fvg": {
        "exists": false,
        "fvg_top": null,
        "fvg_bottom": null,
        "c1_idx": null,
        "c3_idx": null
      },
      "touches": 0,
      "status": "Pristine"
    }
  ],
  "USDCHF": [],
  "NAS100": [
    {
      "bos_idx": 147,
      "bos_swing_price": 26748.75,
      "impulse_start_idx": 123,
      "impulse_start_price": 26827.75,
      "bos_sequence_count": 0,
      "last_choch_idx": 147,
      "ob_idx": 143,
      "direction": "bearish",
      "bos_tag": "CHoCH",
      "high": 26882.5,
      "low": 26834.5,
      "proximal_line": 26834.5,
      "distal_line": 26882.5,
      "median_leg_body": 21.0,
      "ob_body": 30.75,
      "fvg": {
        "exists": false,
        "fvg_top": null,
        "fvg_bottom": null,
        "c1_idx": null,
        "c3_idx": null
      },
      "touches": 3,
      "status": "Tested (3x)"
    },
    {
      "bos_idx": 100,
      "bos_swing_price": 26564.0,
      "impulse_start_idx": 94,
      "impulse_start_price": 26440.0,
      "bos_sequence_count": 3,
      "last_choch_idx": 28,
      "ob_idx": 99,
      "direction": "bullish",
      "bos_tag": "BOS",
      "high": 26547.0,
      "low": 26505.5,
      "proximal_line": 26547.0,
      "distal_line": 26505.5,
      "median_leg_body": 18.25,
      "ob_body": 10.5,
      "fvg": {
        "exists": false,
        "fvg_top": null,
        "fvg_bottom": null,
        "c1_idx": null,
        "c3_idx": null
      },
      "touches": 0,
      "status": "Pristine"
    }
  ],
  "GOLD": [
    {
      "bos_idx": 149,
      "bos_swing_price": 4752.0,
      "impulse_start_idx": 131,
      "impulse_start_price": 4854.7998046875,
      "bos_sequence_count": 1,
      "last_choch_idx": 115,
      "ob_idx": 144,
      "direction": "bearish",
      "bos_tag": "BOS",
      "high": 4818.0,
      "low": 4794.2998046875,
      "proximal_line": 4794.2998046875,
      "distal_line": 4818.0,
      "median_leg_body": 6.10009765625,
      "ob_body": 5.0,
      "fvg": {
        "exists": true,
        "fvg_top": 4777.2998046875,
        "fvg_bottom": 4776.60009765625,
        "c1_idx": 146,
        "c3_idx": 148
      },
      "touches": 2,
      "status": "Tested (2x)"
    },
    {
      "bos_idx": 20,
      "bos_swing_price": 4762.5,
      "impulse_start_idx": 16,
      "impulse_start_price": 4722.5,
      "bos_sequence_count": 0,
      "last_choch_idx": 20,
      "ob_idx": 16,
      "direction": "bullish",
      "bos_tag": "CHoCH",
      "high": 4743.10009765625,
      "low": 4722.5,
      "proximal_line": 4743.10009765625,
      "distal_line": 4722.5,
      "median_leg_body": 5.7001953125,
      "ob_body": 5.7001953125,
      "fvg": {
        "exists": false,
        "fvg_top": null,
        "fvg_bottom": null,
        "c1_idx": null,
        "c3_idx": null
      },
      "touches": 1,
      "status": "Tested (1x)"
    }
  ]
}