{
  "EURUSD": [],
  "USDJPY": [
    {
      "bos_idx": 149,
      "bos_swing_price": 159.12100219726562,
      "impulse_start_idx": 136,
      "ob_idx": 144,
      "direction": "bullish",
      "bos_tag": "BOS",
      "high": 159.02000427246094,
      "low": 158.87100219726562,
      "proximal_line": 159.02000427246094,
      "distal_line": 158.87100219726562,
      "median_leg_body": 0.07000732421875,
      "ob_body": 0.0590057373046875,
      "fvg": {
        "exists": false,
        "fvg_top": null,
        "fvg_bottom": null,
        "c1_idx": null,
        "c3_idx": null
      },
      "touches": 2,
      "status": "Tested (2x)"
    },
    {
      "bos_idx": 146,
      "bos_swing_price": 159.12100219726562,
      "impulse_start_idx": 136,
      "ob_idx": 144,
      "direction": "bullish",
      "bos_tag": "CHoCH",
      "high": 159.02000427246094,
      "low": 158.87100219726562,
      "proximal_line": 159.02000427246094,
      "distal_line": 158.87100219726562,
      "median_leg_body": 0.0810089111328125,
      "ob_body": 0.0590057373046875,
      "fvg": {
        "exists": false,
        "fvg_top": null,
        "fvg_bottom": null,
        "c1_idx": null,
        "c3_idx": null
      },
      "touches": 2,
      "status": "Tested (2x)"
    }
  ],
  "NZDUSD": [
    {
      "bos_idx": 91,
      "bos_swing_price": 0.5875095129013062,
      "impulse_start_idx": 86,
      "ob_idx": 86,
      "direction": "bullish",
      "bos_tag": "BOS",
      "high": 0.5868889093399048,
      "low": 0.5858917236328125,
      "proximal_line": 0.5868889093399048,
      "distal_line": 0.5858917236328125,
      "median_leg_body": 0.0005680322647094727,
      "ob_body": 0.0008938312530517578,
      "fvg": {
        "exists": true,
        "fvg_top": 0.5867855548858643,
        "fvg_bottom": 0.5863383412361145,
        "c1_idx": 87,
        "c3_idx": 89
      },
      "touches": 2,
      "status": "Tested (2x)"
    }
  ],
  "USDCHF": [
    {
      "bos_idx": 142,
      "bos_swing_price": 0.7828099727630615,
      "impulse_start_idx": 136,
      "ob_idx": 139,
      "direction": "bullish",
      "bos_tag": "CHoCH",
      "high": 0.7815600037574768,
      "low": 0.7806900143623352,
      "proximal_line": 0.7815600037574768,
      "distal_line": 0.7806900143623352,
      "median_leg_body": 0.00039005279541015625,
      "ob_body": 0.00039005279541015625,
      "fvg": {
        "exists": true,
        "fvg_top": 0.7818599939346313,
        "fvg_bottom": 0.7815600037574768,
        "c1_idx": 139,
        "c3_idx": 141
      },
      "touches": 0,
      "status": "Pristine"
    }
  ],
  "NAS100": [
    {
      "bos_idx": 148,
      "bos_swing_price": 26488.0,
      "impulse_start_idx": 120,
      "ob_idx": 145,
      "direction": "bullish",
      "bos_tag": "BOS",
      "high": 26432.5,
      "low": 26392.75,
      "proximal_line": 26432.5,
      "distal_line": 26392.75,
      "median_leg_body": 20.0,
      "ob_body": 17.0,
      "fvg": {
        "exists": false,
        "fvg_top": null,
        "fvg_bottom": null,
        "c1_idx": null,
        "c3_idx": null
      },
      "touches": 2,
      "status": "Tested (2x)"
    },
    {
      "bos_idx": 123,
      "bos_swing_price": 26058.0,
      "impulse_start_idx": 120,
      "ob_idx": 122,
      "direction": "bullish",
      "bos_tag": "BOS",
      "high": 26007.25,
      "low": 25960.5,
      "proximal_line": 26007.25,
      "distal_line": 25960.5,
      "median_leg_body": 10.625,
      "ob_body": 8.5,
      "fvg": {
        "exists": false,
        "fvg_top": null,
        "fvg_bottom": null,
        "c1_idx": null,
        "c3_idx": null
      },
      "touches": 0,
      "status": "Pristine"
    }
  ],
  "GOLD": [
    {
      "bos_idx": 101,
      "bos_swing_price": 4820.39990234375,
      "impulse_start_idx": 97,
      "ob_idx": 99,
      "direction": "bullish",
      "bos_tag": "BOS",
      "high": 4800.2001953125,
      "low": 4784.2001953125,
      "proximal_line": 4800.2001953125,
      "distal_line": 4784.2001953125,
      "median_leg_body": 8.89990234375,
      "ob_body": 3.80029296875,
      "fvg": {
        "exists": false,
        "fvg_top": null,
        "fvg_bottom": null,
        "c1_idx": null,
        "c3_idx": null
      },
      "touches": 1,
      "status": "Tested (1x)"
    }
  ]
}