{
  "EURUSD": [
    {
      "bos_idx": 147,
      "bos_swing_price": 1.1741223335266113,
      "impulse_start_idx": 138,
      "impulse_start_price": 1.1764705181121826,
      "bos_sequence_count": 3,
      "last_choch_idx": 83,
      "ob_idx": 143,
      "direction": "bearish",
      "bos_tag": "BOS",
      "high": 1.1756407022476196,
      "low": 1.1749500036239624,
      "proximal_line": 1.1749500036239624,
      "distal_line": 1.1756407022476196,
      "median_leg_body": 0.0006205439567565918,
      "ob_body": 0.0005525350570678711,
      "fvg": {
        "exists": true,
        "fvg_top": 1.1749500036239624,
        "fvg_bottom": 1.1741223335266113,
        "c1_idx": 143,
        "c3_idx": 145,
        "ghost_top": 1.1749500036239624,
        "ghost_bottom": 1.1741223335266113,
        "ghost_c1_idx": 143,
        "ghost_c3_idx": 145,
        "was_detected": true
      },
      "touches": 0,
      "status": "Pristine"
    },
    {
      "bos_idx": 144,
      "bos_swing_price": 1.1741223335266113,
      "impulse_start_idx": 138,
      "impulse_start_price": 1.1764705181121826,
      "bos_sequence_count": 2,
      "last_choch_idx": 83,
      "ob_idx": 143,
      "direction": "bearish",
      "bos_tag": "BOS",
      "high": 1.1756407022476196,
      "low": 1.1749500036239624,
      "proximal_line": 1.1749500036239624,
      "distal_line": 1.1756407022476196,
      "median_leg_body": 0.0005525350570678711,
      "ob_body": 0.0005525350570678711,
      "fvg": {
        "exists": false,
        "fvg_top": null,
        "fvg_bottom": null,
        "c1_idx": null,
        "c3_idx": null,
        "ghost_top": null,
        "ghost_bottom": null,
        "ghost_c1_idx": null,
        "ghost_c3_idx": null,
        "was_detected": false
      },
      "touches": 0,
      "status": "Pristine"
    }
  ],
  "USDJPY": [
    {
      "bos_idx": 147,
      "bos_swing_price": 159.3719940185547,
      "impulse_start_idx": 138,
      "impulse_start_price": 159.093994140625,
      "bos_sequence_count": 3,
      "last_choch_idx": 109,
      "ob_idx": 146,
      "direction": "bullish",
      "bos_tag": "BOS",
      "high": 159.36700439453125,
      "low": 159.10699462890625,
      "proximal_line": 159.36700439453125,
      "distal_line": 159.10699462890625,
      "median_leg_body": 0.11199188232421875,
      "ob_body": 0.18499755859375,
      "fvg": {
        "exists": false,
        "fvg_top": null,
        "fvg_bottom": null,
        "c1_idx": null,
        "c3_idx": null,
        "ghost_top": null,
        "ghost_bottom": null,
        "ghost_c1_idx": null,
        "ghost_c3_idx": null,
        "was_detected": false
      },
      "touches": 1,
      "status": "Tested (1x)"
    }
  ],
  "NZDUSD": [],
  "USDCHF": [
    {
      "bos_idx": 147,
      "bos_swing_price": 0.7825899720191956,
      "impulse_start_idx": 138,
      "impulse_start_price": 0.7791600227355957,
      "bos_sequence_count": 3,
      "last_choch_idx": 116,
      "ob_idx": 146,
      "direction": "bullish",
      "bos_tag": "BOS",
      "high": 0.783050000667572,
      "low": 0.7816699743270874,
      "proximal_line": 0.783050000667572,
      "distal_line": 0.7816699743270874,
      "median_leg_body": 0.0008449852466583252,
      "ob_body": 0.0008499622344970703,
      "fvg": {
        "exists": false,
        "fvg_top": null,
        "fvg_bottom": null,
        "c1_idx": null,
        "c3_idx": null,
        "ghost_top": null,
        "ghost_bottom": null,
        "ghost_c1_idx": null,
        "ghost_c3_idx": null,
        "was_detected": false
      },
      "touches": 1,
      "status": "Tested (1x)"
    },
    {
      "bos_idx": 145,
      "bos_swing_price": 0.7825899720191956,
      "impulse_start_idx": 138,
      "impulse_start_price": 0.7791600227355957,
      "bos_sequence_count": 2,
      "last_choch_idx": 116,
      "ob_idx": 143,
      "direction": "bullish",
      "bos_tag": "BOS",
      "high": 0.7813900113105774,
      "low": 0.7806699872016907,
      "proximal_line": 0.7813900113105774,
      "distal_line": 0.7806699872016907,
      "median_leg_body": 0.0006399750709533691,
      "ob_body": 0.00024002790451049805,
      "fvg": {
        "exists": true,
        "fvg_top": 0.7814499735832214,
        "fvg_bottom": 0.7813900113105774,
        "c1_idx": 143,
        "c3_idx": 145,
        "ghost_top": 0.7814499735832214,
        "ghost_bottom": 0.7813900113105774,
        "ghost_c1_idx": 143,
        "ghost_c3_idx": 145,
        "was_detected": true
      },
      "touches": 0,
      "status": "Pristine"
    }
  ],
  "NAS100": [
    {
      "bos_idx": 147,
      "bos_swing_price": 26901.75,
      "impulse_start_idx": 129,
      "impulse_start_price": 26551.75,
      "bos_sequence_count": 0,
      "last_choch_idx": 147,
      "ob_idx": 145,
      "direction": "bullish",
      "bos_tag": "CHoCH",
      "high": 26900.5,
      "low": 26819.5,
      "proximal_line": 26900.5,
      "distal_line": 26819.5,
      "median_leg_body": 23.0,
      "ob_body": 13.5,
      "fvg": {
        "exists": false,
        "fvg_top": null,
        "fvg_bottom": null,
        "c1_idx": null,
        "c3_idx": null,
        "ghost_top": null,
        "ghost_bottom": null,
        "ghost_c1_idx": null,
        "ghost_c3_idx": null,
        "was_detected": false
      },
      "touches": 1,
      "status": "Tested (1x)"
    }
  ],
  "GOLD": [
    {
      "bos_idx": 126,
      "bos_swing_price": 4752.0,
      "impulse_start_idx": 108,
      "impulse_start_price": 4854.7998046875,
      "bos_sequence_count": 1,
      "last_choch_idx": 92,
      "ob_idx": 121,
      "direction": "bearish",
      "bos_tag": "BOS",
      "high": 4818.0,
      "low": 4794.2998046875,
      "proximal_line": 4794.2998046875,
      "distal_line": 4818.0,
      "median_leg_body": 6.10009765625,
      "ob_body": 5.0,
      "fvg": {
        "exists": false,
        "fvg_top": null,
        "fvg_bottom": null,
        "c1_idx": null,
        "c3_idx": null,
        "ghost_top": null,
        "ghost_bottom": null,
        "ghost_c1_idx": null,
        "ghost_c3_idx": null,
        "was_detected": false
      },
      "touches": 2,
      "status": "Tested (2x)"
    }
  ]
}