{
  "EURUSD": [
    {
      "bos_idx": 134,
      "bos_swing_price": 1.1760554313659668,
      "impulse_start_idx": 119,
      "impulse_start_price": 1.1793843507766724,
      "bos_sequence_count": 1,
      "last_choch_idx": 94,
      "ob_idx": 133,
      "direction": "bearish",
      "bos_tag": "BOS",
      "high": 1.1773016452789307,
      "low": 1.1764705181121826,
      "proximal_line": 1.1764705181121826,
      "distal_line": 1.1773016452789307,
      "median_leg_body": 0.0003466010093688965,
      "ob_body": 0.00041544437408447266,
      "fvg": {
        "exists": false,
        "fvg_top": null,
        "fvg_bottom": null,
        "c1_idx": null,
        "c3_idx": null
      },
      "touches": 1,
      "status": "Tested (1x)"
    }
  ],
  "USDJPY": [
    {
      "bos_idx": 149,
      "bos_swing_price": 159.1649932861328,
      "impulse_start_idx": 140,
      "impulse_start_price": 159.63699340820312,
      "bos_sequence_count": 0,
      "last_choch_idx": 149,
      "ob_idx": 147,
      "direction": "bearish",
      "bos_tag": "CHoCH",
      "high": 159.4010009765625,
      "low": 159.32400512695312,
      "proximal_line": 159.32400512695312,
      "distal_line": 159.4010009765625,
      "median_leg_body": 0.0565032958984375,
      "ob_body": 0.037994384765625,
      "fvg": {
        "exists": false,
        "fvg_top": null,
        "fvg_bottom": null,
        "c1_idx": null,
        "c3_idx": null
      },
      "touches": 1,
      "status": "Tested (1x)"
    },
    {
      "bos_idx": 134,
      "bos_swing_price": 159.25399780273438,
      "impulse_start_idx": 132,
      "impulse_start_price": 159.0070037841797,
      "bos_sequence_count": 2,
      "last_choch_idx": 120,
      "ob_idx": 133,
      "direction": "bullish",
      "bos_tag": "BOS",
      "high": 159.1959991455078,
      "low": 159.00799560546875,
      "proximal_line": 159.1959991455078,
      "distal_line": 159.00799560546875,
      "median_leg_body": 0.125,
      "ob_body": 0.0879974365234375,
      "fvg": {
        "exists": false,
        "fvg_top": null,
        "fvg_bottom": null,
        "c1_idx": null,
        "c3_idx": null
      },
      "touches": 3,
      "status": "Tested (3x)"
    }
  ],
  "NZDUSD": [],
  "USDCHF": [],
  "NAS100": [
    {
      "bos_idx": 88,
      "bos_swing_price": 26564.0,
      "impulse_start_idx": 82,
      "impulse_start_price": 26440.0,
      "bos_sequence_count": 2,
      "last_choch_idx": 44,
      "ob_idx": 87,
      "direction": "bullish",
      "bos_tag": "BOS",
      "high": 26547.0,
      "low": 26505.5,
      "proximal_line": 26547.0,
      "distal_line": 26505.5,
      "median_leg_body": 18.25,
      "ob_body": 10.5,
      "fvg": {
        "exists": false,
        "fvg_top": null,
        "fvg_bottom": null,
        "c1_idx": null,
        "c3_idx": null
      },
      "touches": 0,
      "status": "Pristine"
    }
  ],
  "GOLD": [
    {
      "bos_idx": 137,
      "bos_swing_price": 4752.0,
      "impulse_start_idx": 119,
      "impulse_start_price": 4854.7998046875,
      "bos_sequence_count": 1,
      "last_choch_idx": 103,
      "ob_idx": 132,
      "direction": "bearish",
      "bos_tag": "BOS",
      "high": 4818.0,
      "low": 4794.2998046875,
      "proximal_line": 4794.2998046875,
      "distal_line": 4818.0,
      "median_leg_body": 6.10009765625,
      "ob_body": 5.0,
      "fvg": {
        "exists": false,
        "fvg_top": null,
        "fvg_bottom": null,
        "c1_idx": null,
        "c3_idx": null
      },
      "touches": 2,
      "status": "Tested (2x)"
    }
  ]
}