{
  "EURUSD": [],
  "USDJPY": [
    {
      "bos_idx": 141,
      "bos_swing_price": 159.30499267578125,
      "impulse_start_idx": 139,
      "ob_idx": 139,
      "direction": "bullish",
      "bos_tag": "BOS",
      "high": 159.13999938964844,
      "low": 158.99899291992188,
      "proximal_line": 159.13999938964844,
      "distal_line": 158.99899291992188,
      "median_leg_body": 0.0880126953125,
      "ob_body": 0.0330047607421875,
      "fvg": {
        "exists": true,
        "fvg_top": 159.16799926757812,
        "fvg_bottom": 159.13999938964844,
        "c1_idx": 139,
        "c3_idx": 141
      },
      "touches": 0,
      "status": "Pristine"
    },
    {
      "bos_idx": 61,
      "bos_swing_price": 159.55299377441406,
      "impulse_start_idx": 57,
      "ob_idx": 60,
      "direction": "bearish",
      "bos_tag": "BOS",
      "high": 159.75399780273438,
      "low": 159.56700134277344,
      "proximal_line": 159.56700134277344,
      "distal_line": 159.75399780273438,
      "median_leg_body": 0.1720123291015625,
      "ob_body": 0.1720123291015625,
      "fvg": {
        "exists": false,
        "fvg_top": null,
        "fvg_bottom": null,
        "c1_idx": null,
        "c3_idx": null
      },
      "touches": 0,
      "status": "Pristine"
    }
  ],
  "NZDUSD": [
    {
      "bos_idx": 75,
      "bos_swing_price": 0.5875095129013062,
      "impulse_start_idx": 70,
      "ob_idx": 70,
      "direction": "bullish",
      "bos_tag": "BOS",
      "high": 0.5868889093399048,
      "low": 0.5858917236328125,
      "proximal_line": 0.5868889093399048,
      "distal_line": 0.5858917236328125,
      "median_leg_body": 0.0005680322647094727,
      "ob_body": 0.0008938312530517578,
      "fvg": {
        "exists": true,
        "fvg_top": 0.5867855548858643,
        "fvg_bottom": 0.5863383412361145,
        "c1_idx": 71,
        "c3_idx": 73
      },
      "touches": 2,
      "status": "Tested (2x)"
    }
  ],
  "USDCHF": [
    {
      "bos_idx": 126,
      "bos_swing_price": 0.7828099727630615,
      "impulse_start_idx": 120,
      "ob_idx": 123,
      "direction": "bullish",
      "bos_tag": "CHoCH",
      "high": 0.7815600037574768,
      "low": 0.7806900143623352,
      "proximal_line": 0.7815600037574768,
      "distal_line": 0.7806900143623352,
      "median_leg_body": 0.00039005279541015625,
      "ob_body": 0.00039005279541015625,
      "fvg": {
        "exists": true,
        "fvg_top": 0.7818599939346313,
        "fvg_bottom": 0.7815600037574768,
        "c1_idx": 123,
        "c3_idx": 125
      },
      "touches": 0,
      "status": "Pristine"
    }
  ],
  "NAS100": [
    {
      "bos_idx": 108,
      "bos_swing_price": 26058.0,
      "impulse_start_idx": 105,
      "ob_idx": 107,
      "direction": "bullish",
      "bos_tag": "BOS",
      "high": 26007.25,
      "low": 25960.5,
      "proximal_line": 26007.25,
      "distal_line": 25960.5,
      "median_leg_body": 10.625,
      "ob_body": 8.5,
      "fvg": {
        "exists": false,
        "fvg_top": null,
        "fvg_bottom": null,
        "c1_idx": null,
        "c3_idx": null
      },
      "touches": 0,
      "status": "Pristine"
    }
  ],
  "GOLD": [
    {
      "bos_idx": 68,
      "bos_swing_price": 4762.5,
      "impulse_start_idx": 64,
      "ob_idx": 64,
      "direction": "bullish",
      "bos_tag": "CHoCH",
      "high": 4743.10009765625,
      "low": 4722.5,
      "proximal_line": 4743.10009765625,
      "distal_line": 4722.5,
      "median_leg_body": 5.7001953125,
      "ob_body": 5.7001953125,
      "fvg": {
        "exists": true,
        "fvg_top": 4748.39990234375,
        "fvg_bottom": 4743.10009765625,
        "c1_idx": 64,
        "c3_idx": 66
      },
      "touches": 0,
      "status": "Pristine"
    }
  ]
}