{
  "EURUSD": [
    {
      "bos_idx": 147,
      "bos_swing_price": 1.1691803932189941,
      "impulse_start_idx": 143,
      "impulse_start_price": 1.1676785945892334,
      "bos_sequence_count": 0,
      "last_choch_idx": 147,
      "ob_idx": 146,
      "ob_timestamp": "2026-04-24T06:00:00+00:00",
      "direction": "bullish",
      "bos_tag": "CHoCH",
      "high": 1.1686338186264038,
      "low": 1.1680878400802612,
      "proximal_line": 1.1686338186264038,
      "distal_line": 1.1680878400802612,
      "median_leg_body": 0.00027298927307128906,
      "ob_body": 0.0004094839096069336,
      "fvg": {
        "exists": true,
        "fvg_top": 1.1689070463180542,
        "fvg_bottom": 1.1686338186264038,
        "c1_idx": 146,
        "c3_idx": 148,
        "was_detected": true,
        "mitigation": "partial",
        "ghost_top": null,
        "ghost_bottom": null,
        "ghost_c1_idx": null,
        "ghost_c3_idx": null,
        "mitigated_at_idx": null
      },
      "touches": 0,
      "status": "Pristine"
    }
  ],
  "USDJPY": [],
  "NZDUSD": [],
  "USDCHF": [],
  "NAS100": [],
  "GOLD": []
}