{
  "EURUSD": [],
  "USDJPY": [
    {
      "bos_idx": 141,
      "bos_swing_price": 158.99899291992188,
      "impulse_start_idx": 134,
      "impulse_start_price": 159.5290069580078,
      "bos_sequence_count": 0,
      "last_choch_idx": 141,
      "ob_idx": 140,
      "direction": "bearish",
      "bos_tag": "CHoCH",
      "high": 159.22500610351562,
      "low": 159.13099670410156,
      "proximal_line": 159.13099670410156,
      "distal_line": 159.22500610351562,
      "median_leg_body": 0.10950469970703125,
      "ob_body": 0.0179901123046875,
      "fvg": {
        "exists": false,
        "fvg_top": null,
        "fvg_bottom": null,
        "c1_idx": null,
        "c3_idx": null
      },
      "touches": 0,
      "status": "Pristine"
    }
  ],
  "NZDUSD": [
    {
      "bos_idx": 62,
      "bos_swing_price": 0.5875095129013062,
      "impulse_start_idx": 57,
      "impulse_start_price": 0.5858917236328125,
      "bos_sequence_count": 2,
      "last_choch_idx": 46,
      "ob_idx": 57,
      "direction": "bullish",
      "bos_tag": "BOS",
      "high": 0.5868889093399048,
      "low": 0.5858917236328125,
      "proximal_line": 0.5868889093399048,
      "distal_line": 0.5858917236328125,
      "median_leg_body": 0.0005680322647094727,
      "ob_body": 0.0008938312530517578,
      "fvg": {
        "exists": true,
        "fvg_top": 0.5867855548858643,
        "fvg_bottom": 0.5863383412361145,
        "c1_idx": 58,
        "c3_idx": 60
      },
      "touches": 2,
      "status": "Tested (2x)"
    }
  ],
  "USDCHF": [
    {
      "bos_idx": 140,
      "bos_swing_price": 0.7824500203132629,
      "impulse_start_idx": 134,
      "impulse_start_price": 0.784030020236969,
      "bos_sequence_count": 1,
      "last_choch_idx": 136,
      "ob_idx": 138,
      "direction": "bearish",
      "bos_tag": "BOS",
      "high": 0.7826300263404846,
      "low": 0.7820000052452087,
      "proximal_line": 0.7820000052452087,
      "distal_line": 0.7826300263404846,
      "median_leg_body": 0.0005199909210205078,
      "ob_body": 0.00015997886657714844,
      "fvg": {
        "exists": false,
        "fvg_top": null,
        "fvg_bottom": null,
        "c1_idx": null,
        "c3_idx": null
      },
      "touches": 1,
      "status": "Tested (1x)"
    },
    {
      "bos_idx": 136,
      "bos_swing_price": 0.7824500203132629,
      "impulse_start_idx": 134,
      "impulse_start_price": 0.784030020236969,
      "bos_sequence_count": 0,
      "last_choch_idx": 136,
      "ob_idx": 134,
      "direction": "bearish",
      "bos_tag": "CHoCH",
      "high": 0.784030020236969,
      "low": 0.7831000089645386,
      "proximal_line": 0.7831000089645386,
      "distal_line": 0.784030020236969,
      "median_leg_body": 0.0008499622344970703,
      "ob_body": 0.0005199909210205078,
      "fvg": {
        "exists": false,
        "fvg_top": null,
        "fvg_bottom": null,
        "c1_idx": null,
        "c3_idx": null
      },
      "touches": 1,
      "status": "Tested (1x)"
    }
  ],
  "NAS100": [
    {
      "bos_idx": 140,
      "bos_swing_price": 26564.0,
      "impulse_start_idx": 134,
      "impulse_start_price": 26440.0,
      "bos_sequence_count": 4,
      "last_choch_idx": 53,
      "ob_idx": 139,
      "direction": "bullish",
      "bos_tag": "BOS",
      "high": 26547.0,
      "low": 26505.5,
      "proximal_line": 26547.0,
      "distal_line": 26505.5,
      "median_leg_body": 18.25,
      "ob_body": 10.5,
      "fvg": {
        "exists": false,
        "fvg_top": null,
        "fvg_bottom": null,
        "c1_idx": null,
        "c3_idx": null
      },
      "touches": 0,
      "status": "Pristine"
    }
  ],
  "GOLD": [
    {
      "bos_idx": 141,
      "bos_swing_price": 4827.2001953125,
      "impulse_start_idx": 130,
      "impulse_start_price": 4785.89990234375,
      "bos_sequence_count": 4,
      "last_choch_idx": 56,
      "ob_idx": 139,
      "direction": "bullish",
      "bos_tag": "BOS",
      "high": 4816.0,
      "low": 4803.10009765625,
      "proximal_line": 4816.0,
      "distal_line": 4803.10009765625,
      "median_leg_body": 8.55029296875,
      "ob_body": 3.60009765625,
      "fvg": {
        "exists": true,
        "fvg_top": 4819.7998046875,
        "fvg_bottom": 4816.0,
        "c1_idx": 139,
        "c3_idx": 141
      },
      "touches": 0,
      "status": "Pristine"
    }
  ]
}