{
  "EURUSD": [],
  "USDJPY": [
    {
      "bos_idx": 81,
      "bos_swing_price": 159.55299377441406,
      "impulse_start_idx": 77,
      "ob_idx": 80,
      "direction": "bearish",
      "bos_tag": "BOS",
      "high": 159.75399780273438,
      "low": 159.56700134277344,
      "proximal_line": 159.56700134277344,
      "distal_line": 159.75399780273438,
      "median_leg_body": 0.1720123291015625,
      "ob_body": 0.1720123291015625,
      "fvg": {
        "exists": false,
        "fvg_top": null,
        "fvg_bottom": null,
        "c1_idx": null,
        "c3_idx": null
      },
      "touches": 0,
      "status": "Pristine"
    }
  ],
  "NZDUSD": [
    {
      "bos_idx": 95,
      "bos_swing_price": 0.5875095129013062,
      "impulse_start_idx": 90,
      "ob_idx": 90,
      "direction": "bullish",
      "bos_tag": "BOS",
      "high": 0.5868889093399048,
      "low": 0.5858917236328125,
      "proximal_line": 0.5868889093399048,
      "distal_line": 0.5858917236328125,
      "median_leg_body": 0.0005680322647094727,
      "ob_body": 0.0008938312530517578,
      "fvg": {
        "exists": true,
        "fvg_top": 0.5867855548858643,
        "fvg_bottom": 0.5863383412361145,
        "c1_idx": 91,
        "c3_idx": 93
      },
      "touches": 2,
      "status": "Tested (2x)"
    }
  ],
  "USDCHF": [
    {
      "bos_idx": 146,
      "bos_swing_price": 0.7828099727630615,
      "impulse_start_idx": 140,
      "ob_idx": 143,
      "direction": "bullish",
      "bos_tag": "CHoCH",
      "high": 0.7815600037574768,
      "low": 0.7806900143623352,
      "proximal_line": 0.7815600037574768,
      "distal_line": 0.7806900143623352,
      "median_leg_body": 0.00039005279541015625,
      "ob_body": 0.00039005279541015625,
      "fvg": {
        "exists": true,
        "fvg_top": 0.7818599939346313,
        "fvg_bottom": 0.7815600037574768,
        "c1_idx": 143,
        "c3_idx": 145
      },
      "touches": 0,
      "status": "Pristine"
    }
  ],
  "NAS100": [
    {
      "bos_idx": 127,
      "bos_swing_price": 26058.0,
      "impulse_start_idx": 124,
      "ob_idx": 126,
      "direction": "bullish",
      "bos_tag": "BOS",
      "high": 26007.25,
      "low": 25960.5,
      "proximal_line": 26007.25,
      "distal_line": 25960.5,
      "median_leg_body": 10.625,
      "ob_body": 8.5,
      "fvg": {
        "exists": false,
        "fvg_top": null,
        "fvg_bottom": null,
        "c1_idx": null,
        "c3_idx": null
      },
      "touches": 0,
      "status": "Pristine"
    }
  ],
  "GOLD": [
    {
      "bos_idx": 137,
      "bos_swing_price": 4854.60009765625,
      "impulse_start_idx": 129,
      "ob_idx": 134,
      "direction": "bullish",
      "bos_tag": "BOS",
      "high": 4819.39990234375,
      "low": 4810.5,
      "proximal_line": 4819.39990234375,
      "distal_line": 4810.5,
      "median_leg_body": 9.30029296875,
      "ob_body": 4.80029296875,
      "fvg": {
        "exists": true,
        "fvg_top": 4829.2001953125,
        "fvg_bottom": 4819.39990234375,
        "c1_idx": 134,
        "c3_idx": 136
      },
      "touches": 0,
      "status": "Pristine"
    }
  ]
}