{
  "EURUSD": [],
  "USDJPY": [
    {
      "bos_idx": 145,
      "bos_swing_price": 158.9949951171875,
      "impulse_start_idx": 144,
      "impulse_start_price": 158.78599548339844,
      "bos_sequence_count": 1,
      "last_choch_idx": 138,
      "ob_idx": 144,
      "direction": "bullish",
      "bos_tag": "BOS",
      "high": 158.91400146484375,
      "low": 158.78599548339844,
      "proximal_line": 158.91400146484375,
      "distal_line": 158.78599548339844,
      "median_leg_body": 0.14599609375,
      "ob_body": 0.08599853515625,
      "fvg": {
        "exists": false,
        "fvg_top": null,
        "fvg_bottom": null,
        "c1_idx": null,
        "c3_idx": null
      },
      "touches": 0,
      "status": "Pristine"
    },
    {
      "bos_idx": 14,
      "bos_swing_price": 159.55299377441406,
      "impulse_start_idx": 10,
      "impulse_start_price": 159.86099243164062,
      "bos_sequence_count": 1,
      "last_choch_idx": 11,
      "ob_idx": 13,
      "direction": "bearish",
      "bos_tag": "BOS",
      "high": 159.75399780273438,
      "low": 159.56700134277344,
      "proximal_line": 159.56700134277344,
      "distal_line": 159.75399780273438,
      "median_leg_body": 0.1720123291015625,
      "ob_body": 0.1720123291015625,
      "fvg": {
        "exists": false,
        "fvg_top": null,
        "fvg_bottom": null,
        "c1_idx": null,
        "c3_idx": null
      },
      "touches": 0,
      "status": "Pristine"
    }
  ],
  "NZDUSD": [
    {
      "bos_idx": 136,
      "bos_swing_price": 0.5895531177520752,
      "impulse_start_idx": 135,
      "impulse_start_price": 0.5886161923408508,
      "bos_sequence_count": 0,
      "last_choch_idx": 136,
      "ob_idx": 135,
      "direction": "bullish",
      "bos_tag": "CHoCH",
      "high": 0.5893446803092957,
      "low": 0.5886161923408508,
      "proximal_line": 0.5893446803092957,
      "distal_line": 0.5886161923408508,
      "median_leg_body": 0.00128898024559021,
      "ob_body": 0.00034695863723754883,
      "fvg": {
        "exists": false,
        "fvg_top": null,
        "fvg_bottom": null,
        "c1_idx": null,
        "c3_idx": null
      },
      "touches": 0,
      "status": "Pristine"
    }
  ],
  "USDCHF": [],
  "NAS100": [
    {
      "bos_idx": 146,
      "bos_swing_price": 26827.75,
      "impulse_start_idx": 130,
      "impulse_start_price": 26568.75,
      "bos_sequence_count": 5,
      "last_choch_idx": 33,
      "ob_idx": 145,
      "direction": "bullish",
      "bos_tag": "BOS",
      "high": 26847.25,
      "low": 26806.5,
      "proximal_line": 26847.25,
      "distal_line": 26806.5,
      "median_leg_body": 20.25,
      "ob_body": 33.0,
      "fvg": {
        "exists": false,
        "fvg_top": null,
        "fvg_bottom": null,
        "c1_idx": null,
        "c3_idx": null
      },
      "touches": 3,
      "status": "Tested (3x)"
    }
  ],
  "GOLD": [
    {
      "bos_idx": 25,
      "bos_swing_price": 4762.5,
      "impulse_start_idx": 21,
      "impulse_start_price": 4722.5,
      "bos_sequence_count": 0,
      "last_choch_idx": 25,
      "ob_idx": 21,
      "direction": "bullish",
      "bos_tag": "CHoCH",
      "high": 4743.10009765625,
      "low": 4722.5,
      "proximal_line": 4743.10009765625,
      "distal_line": 4722.5,
      "median_leg_body": 5.7001953125,
      "ob_body": 5.7001953125,
      "fvg": {
        "exists": true,
        "fvg_top": 4748.39990234375,
        "fvg_bottom": 4743.10009765625,
        "c1_idx": 21,
        "c3_idx": 23
      },
      "touches": 0,
      "status": "Pristine"
    }
  ]
}