{
  "EURUSD": [
    {
      "bos_idx": 132,
      "bos_swing_price": 1.1760554313659668,
      "impulse_start_idx": 117,
      "impulse_start_price": 1.1793843507766724,
      "bos_sequence_count": 1,
      "last_choch_idx": 92,
      "ob_idx": 131,
      "direction": "bearish",
      "bos_tag": "BOS",
      "high": 1.1773016452789307,
      "low": 1.1764705181121826,
      "proximal_line": 1.1764705181121826,
      "distal_line": 1.1773016452789307,
      "median_leg_body": 0.0003466010093688965,
      "ob_body": 0.00041544437408447266,
      "fvg": {
        "exists": false,
        "fvg_top": null,
        "fvg_bottom": null,
        "c1_idx": null,
        "c3_idx": null
      },
      "touches": 1,
      "status": "Tested (1x)"
    }
  ],
  "USDJPY": [
    {
      "bos_idx": 148,
      "bos_swing_price": 159.1649932861328,
      "impulse_start_idx": 138,
      "impulse_start_price": 159.63699340820312,
      "bos_sequence_count": 0,
      "last_choch_idx": 148,
      "ob_idx": 145,
      "direction": "bearish",
      "bos_tag": "CHoCH",
      "high": 159.4010009765625,
      "low": 159.32400512695312,
      "proximal_line": 159.32400512695312,
      "distal_line": 159.4010009765625,
      "median_leg_body": 0.0590057373046875,
      "ob_body": 0.037994384765625,
      "fvg": {
        "exists": true,
        "fvg_top": 159.2899932861328,
        "fvg_bottom": 159.2550048828125,
        "c1_idx": 146,
        "c3_idx": 148
      },
      "touches": 1,
      "status": "Tested (1x)"
    },
    {
      "bos_idx": 125,
      "bos_swing_price": 158.9949951171875,
      "impulse_start_idx": 124,
      "impulse_start_price": 158.78599548339844,
      "bos_sequence_count": 1,
      "last_choch_idx": 118,
      "ob_idx": 124,
      "direction": "bullish",
      "bos_tag": "BOS",
      "high": 158.91400146484375,
      "low": 158.78599548339844,
      "proximal_line": 158.91400146484375,
      "distal_line": 158.78599548339844,
      "median_leg_body": 0.14599609375,
      "ob_body": 0.08599853515625,
      "fvg": {
        "exists": false,
        "fvg_top": null,
        "fvg_bottom": null,
        "c1_idx": null,
        "c3_idx": null
      },
      "touches": 0,
      "status": "Pristine"
    }
  ],
  "NZDUSD": [],
  "USDCHF": [],
  "NAS100": [
    {
      "bos_idx": 86,
      "bos_swing_price": 26564.0,
      "impulse_start_idx": 80,
      "impulse_start_price": 26440.0,
      "bos_sequence_count": 2,
      "last_choch_idx": 42,
      "ob_idx": 85,
      "direction": "bullish",
      "bos_tag": "BOS",
      "high": 26547.0,
      "low": 26505.5,
      "proximal_line": 26547.0,
      "distal_line": 26505.5,
      "median_leg_body": 18.25,
      "ob_body": 10.5,
      "fvg": {
        "exists": false,
        "fvg_top": null,
        "fvg_bottom": null,
        "c1_idx": null,
        "c3_idx": null
      },
      "touches": 0,
      "status": "Pristine"
    }
  ],
  "GOLD": [
    {
      "bos_idx": 135,
      "bos_swing_price": 4752.0,
      "impulse_start_idx": 117,
      "impulse_start_price": 4854.7998046875,
      "bos_sequence_count": 1,
      "last_choch_idx": 101,
      "ob_idx": 130,
      "direction": "bearish",
      "bos_tag": "BOS",
      "high": 4818.0,
      "low": 4794.2998046875,
      "proximal_line": 4794.2998046875,
      "distal_line": 4818.0,
      "median_leg_body": 6.10009765625,
      "ob_body": 5.0,
      "fvg": {
        "exists": false,
        "fvg_top": null,
        "fvg_bottom": null,
        "c1_idx": null,
        "c3_idx": null
      },
      "touches": 2,
      "status": "Tested (2x)"
    }
  ]
}