{
  "EURUSD": [
    {
      "bos_idx": 148,
      "bos_swing_price": 1.1760554313659668,
      "impulse_start_idx": 133,
      "impulse_start_price": 1.1793843507766724,
      "bos_sequence_count": 1,
      "last_choch_idx": 108,
      "ob_idx": 147,
      "direction": "bearish",
      "bos_tag": "BOS",
      "high": 1.1773016452789307,
      "low": 1.1764705181121826,
      "proximal_line": 1.1764705181121826,
      "distal_line": 1.1773016452789307,
      "median_leg_body": 0.0003466010093688965,
      "ob_body": 0.00041544437408447266,
      "fvg": {
        "exists": false,
        "fvg_top": null,
        "fvg_bottom": null,
        "c1_idx": null,
        "c3_idx": null
      },
      "touches": 0,
      "status": "Pristine"
    }
  ],
  "USDJPY": [
    {
      "bos_idx": 148,
      "bos_swing_price": 159.25399780273438,
      "impulse_start_idx": 140,
      "impulse_start_price": 158.78599548339844,
      "bos_sequence_count": 2,
      "last_choch_idx": 134,
      "ob_idx": 147,
      "direction": "bullish",
      "bos_tag": "BOS",
      "high": 159.1959991455078,
      "low": 159.00799560546875,
      "proximal_line": 159.1959991455078,
      "distal_line": 159.00799560546875,
      "median_leg_body": 0.125,
      "ob_body": 0.0879974365234375,
      "fvg": {
        "exists": false,
        "fvg_top": null,
        "fvg_bottom": null,
        "c1_idx": null,
        "c3_idx": null
      },
      "touches": 0,
      "status": "Pristine"
    },
    {
      "bos_idx": 141,
      "bos_swing_price": 158.9949951171875,
      "impulse_start_idx": 140,
      "impulse_start_price": 158.78599548339844,
      "bos_sequence_count": 1,
      "last_choch_idx": 134,
      "ob_idx": 140,
      "direction": "bullish",
      "bos_tag": "BOS",
      "high": 158.91400146484375,
      "low": 158.78599548339844,
      "proximal_line": 158.91400146484375,
      "distal_line": 158.78599548339844,
      "median_leg_body": 0.14599609375,
      "ob_body": 0.08599853515625,
      "fvg": {
        "exists": false,
        "fvg_top": null,
        "fvg_bottom": null,
        "c1_idx": null,
        "c3_idx": null
      },
      "touches": 0,
      "status": "Pristine"
    }
  ],
  "NZDUSD": [
    {
      "bos_idx": 132,
      "bos_swing_price": 0.5895531177520752,
      "impulse_start_idx": 131,
      "impulse_start_price": 0.5886161923408508,
      "bos_sequence_count": 0,
      "last_choch_idx": 132,
      "ob_idx": 131,
      "direction": "bullish",
      "bos_tag": "CHoCH",
      "high": 0.5893446803092957,
      "low": 0.5886161923408508,
      "proximal_line": 0.5893446803092957,
      "distal_line": 0.5886161923408508,
      "median_leg_body": 0.00128898024559021,
      "ob_body": 0.00034695863723754883,
      "fvg": {
        "exists": false,
        "fvg_top": null,
        "fvg_bottom": null,
        "c1_idx": null,
        "c3_idx": null
      },
      "touches": 0,
      "status": "Pristine"
    }
  ],
  "USDCHF": [],
  "NAS100": [
    {
      "bos_idx": 148,
      "bos_swing_price": 26748.75,
      "impulse_start_idx": 124,
      "impulse_start_price": 26827.75,
      "bos_sequence_count": 0,
      "last_choch_idx": 148,
      "ob_idx": 144,
      "direction": "bearish",
      "bos_tag": "CHoCH",
      "high": 26882.5,
      "low": 26834.5,
      "proximal_line": 26834.5,
      "distal_line": 26882.5,
      "median_leg_body": 21.0,
      "ob_body": 30.75,
      "fvg": {
        "exists": false,
        "fvg_top": null,
        "fvg_bottom": null,
        "c1_idx": null,
        "c3_idx": null
      },
      "touches": 3,
      "status": "Tested (3x)"
    },
    {
      "bos_idx": 101,
      "bos_swing_price": 26564.0,
      "impulse_start_idx": 95,
      "impulse_start_price": 26440.0,
      "bos_sequence_count": 3,
      "last_choch_idx": 29,
      "ob_idx": 100,
      "direction": "bullish",
      "bos_tag": "BOS",
      "high": 26547.0,
      "low": 26505.5,
      "proximal_line": 26547.0,
      "distal_line": 26505.5,
      "median_leg_body": 18.25,
      "ob_body": 10.5,
      "fvg": {
        "exists": false,
        "fvg_top": null,
        "fvg_bottom": null,
        "c1_idx": null,
        "c3_idx": null
      },
      "touches": 0,
      "status": "Pristine"
    }
  ],
  "GOLD": [
    {
      "bos_idx": 21,
      "bos_swing_price": 4762.5,
      "impulse_start_idx": 17,
      "impulse_start_price": 4722.5,
      "bos_sequence_count": 0,
      "last_choch_idx": 21,
      "ob_idx": 17,
      "direction": "bullish",
      "bos_tag": "CHoCH",
      "high": 4743.10009765625,
      "low": 4722.5,
      "proximal_line": 4743.10009765625,
      "distal_line": 4722.5,
      "median_leg_body": 5.7001953125,
      "ob_body": 5.7001953125,
      "fvg": {
        "exists": false,
        "fvg_top": null,
        "fvg_bottom": null,
        "c1_idx": null,
        "c3_idx": null
      },
      "touches": 1,
      "status": "Tested (1x)"
    }
  ]
}