{
  "EURUSD": [
    {
      "bos_idx": 128,
      "bos_swing_price": 1.1760554313659668,
      "impulse_start_idx": 113,
      "impulse_start_price": 1.1793843507766724,
      "bos_sequence_count": 1,
      "last_choch_idx": 88,
      "ob_idx": 127,
      "direction": "bearish",
      "bos_tag": "BOS",
      "high": 1.1773016452789307,
      "low": 1.1764705181121826,
      "proximal_line": 1.1764705181121826,
      "distal_line": 1.1773016452789307,
      "median_leg_body": 0.0003466010093688965,
      "ob_body": 0.00041544437408447266,
      "fvg": {
        "exists": false,
        "fvg_top": null,
        "fvg_bottom": null,
        "c1_idx": null,
        "c3_idx": null,
        "ghost_top": null,
        "ghost_bottom": null,
        "ghost_c1_idx": null,
        "ghost_c3_idx": null,
        "was_detected": false
      },
      "touches": 1,
      "status": "Tested (1x)"
    }
  ],
  "USDJPY": [
    {
      "bos_idx": 121,
      "bos_swing_price": 158.9949951171875,
      "impulse_start_idx": 120,
      "impulse_start_price": 158.78599548339844,
      "bos_sequence_count": 1,
      "last_choch_idx": 114,
      "ob_idx": 120,
      "direction": "bullish",
      "bos_tag": "BOS",
      "high": 158.91400146484375,
      "low": 158.78599548339844,
      "proximal_line": 158.91400146484375,
      "distal_line": 158.78599548339844,
      "median_leg_body": 0.14599609375,
      "ob_body": 0.08599853515625,
      "fvg": {
        "exists": false,
        "fvg_top": null,
        "fvg_bottom": null,
        "c1_idx": null,
        "c3_idx": null,
        "ghost_top": null,
        "ghost_bottom": null,
        "ghost_c1_idx": null,
        "ghost_c3_idx": null,
        "was_detected": false
      },
      "touches": 0,
      "status": "Pristine"
    }
  ],
  "NZDUSD": [
    {
      "bos_idx": 145,
      "bos_swing_price": 0.5920662879943848,
      "impulse_start_idx": 133,
      "impulse_start_price": 0.5875095129013062,
      "bos_sequence_count": 0,
      "last_choch_idx": 145,
      "ob_idx": 142,
      "direction": "bullish",
      "bos_tag": "CHoCH",
      "high": 0.5910165309906006,
      "low": 0.5905628204345703,
      "proximal_line": 0.5910165309906006,
      "distal_line": 0.5905628204345703,
      "median_leg_body": 0.0002779364585876465,
      "ob_body": 0.00017440319061279297,
      "fvg": {
        "exists": false,
        "fvg_top": null,
        "fvg_bottom": null,
        "c1_idx": null,
        "c3_idx": null,
        "ghost_top": null,
        "ghost_bottom": null,
        "ghost_c1_idx": null,
        "ghost_c3_idx": null,
        "was_detected": false
      },
      "touches": 2,
      "status": "Tested (2x)"
    }
  ],
  "USDCHF": [],
  "NAS100": [
    {
      "bos_idx": 82,
      "bos_swing_price": 26564.0,
      "impulse_start_idx": 76,
      "impulse_start_price": 26440.0,
      "bos_sequence_count": 2,
      "last_choch_idx": 38,
      "ob_idx": 81,
      "direction": "bullish",
      "bos_tag": "BOS",
      "high": 26547.0,
      "low": 26505.5,
      "proximal_line": 26547.0,
      "distal_line": 26505.5,
      "median_leg_body": 18.25,
      "ob_body": 10.5,
      "fvg": {
        "exists": false,
        "fvg_top": null,
        "fvg_bottom": null,
        "c1_idx": null,
        "c3_idx": null,
        "ghost_top": null,
        "ghost_bottom": null,
        "ghost_c1_idx": null,
        "ghost_c3_idx": null,
        "was_detected": false
      },
      "touches": 0,
      "status": "Pristine"
    }
  ],
  "GOLD": [
    {
      "bos_idx": 131,
      "bos_swing_price": 4752.0,
      "impulse_start_idx": 113,
      "impulse_start_price": 4854.7998046875,
      "bos_sequence_count": 1,
      "last_choch_idx": 97,
      "ob_idx": 126,
      "direction": "bearish",
      "bos_tag": "BOS",
      "high": 4818.0,
      "low": 4794.2998046875,
      "proximal_line": 4794.2998046875,
      "distal_line": 4818.0,
      "median_leg_body": 6.10009765625,
      "ob_body": 5.0,
      "fvg": {
        "exists": false,
        "fvg_top": null,
        "fvg_bottom": null,
        "c1_idx": null,
        "c3_idx": null,
        "ghost_top": null,
        "ghost_bottom": null,
        "ghost_c1_idx": null,
        "ghost_c3_idx": null,
        "was_detected": false
      },
      "touches": 2,
      "status": "Tested (2x)"
    }
  ]
}