{
  "EURUSD": [],
  "USDJPY": [
    {
      "bos_idx": 148,
      "bos_swing_price": 158.9949951171875,
      "impulse_start_idx": 132,
      "impulse_start_price": 158.54299926757812,
      "bos_sequence_count": 1,
      "last_choch_idx": 141,
      "ob_idx": 147,
      "direction": "bullish",
      "bos_tag": "BOS",
      "high": 158.91400146484375,
      "low": 158.78599548339844,
      "proximal_line": 158.91400146484375,
      "distal_line": 158.78599548339844,
      "median_leg_body": 0.0469970703125,
      "ob_body": 0.08599853515625,
      "fvg": {
        "exists": false,
        "fvg_top": null,
        "fvg_bottom": null,
        "c1_idx": null,
        "c3_idx": null
      },
      "touches": 0,
      "status": "Pristine"
    },
    {
      "bos_idx": 141,
      "bos_swing_price": 158.92100524902344,
      "impulse_start_idx": 132,
      "impulse_start_price": 158.54299926757812,
      "bos_sequence_count": 0,
      "last_choch_idx": 141,
      "ob_idx": 138,
      "direction": "bullish",
      "bos_tag": "CHoCH",
      "high": 158.80099487304688,
      "low": 158.6840057373047,
      "proximal_line": 158.80099487304688,
      "distal_line": 158.6840057373047,
      "median_leg_body": 0.072998046875,
      "ob_body": 0.037994384765625,
      "fvg": {
        "exists": false,
        "fvg_top": null,
        "fvg_bottom": null,
        "c1_idx": null,
        "c3_idx": null
      },
      "touches": 3,
      "status": "Tested (3x)"
    }
  ],
  "NZDUSD": [
    {
      "bos_idx": 139,
      "bos_swing_price": 0.5895531177520752,
      "impulse_start_idx": 138,
      "impulse_start_price": 0.5886161923408508,
      "bos_sequence_count": 0,
      "last_choch_idx": 139,
      "ob_idx": 138,
      "direction": "bullish",
      "bos_tag": "CHoCH",
      "high": 0.5893446803092957,
      "low": 0.5886161923408508,
      "proximal_line": 0.5893446803092957,
      "distal_line": 0.5886161923408508,
      "median_leg_body": 0.00128898024559021,
      "ob_body": 0.00034695863723754883,
      "fvg": {
        "exists": false,
        "fvg_top": null,
        "fvg_bottom": null,
        "c1_idx": null,
        "c3_idx": null
      },
      "touches": 0,
      "status": "Pristine"
    }
  ],
  "USDCHF": [],
  "NAS100": [
    {
      "bos_idx": 108,
      "bos_swing_price": 26564.0,
      "impulse_start_idx": 102,
      "impulse_start_price": 26440.0,
      "bos_sequence_count": 3,
      "last_choch_idx": 36,
      "ob_idx": 107,
      "direction": "bullish",
      "bos_tag": "BOS",
      "high": 26547.0,
      "low": 26505.5,
      "proximal_line": 26547.0,
      "distal_line": 26505.5,
      "median_leg_body": 18.25,
      "ob_body": 10.5,
      "fvg": {
        "exists": false,
        "fvg_top": null,
        "fvg_bottom": null,
        "c1_idx": null,
        "c3_idx": null
      },
      "touches": 0,
      "status": "Pristine"
    }
  ],
  "GOLD": [
    {
      "bos_idx": 28,
      "bos_swing_price": 4762.5,
      "impulse_start_idx": 24,
      "impulse_start_price": 4722.5,
      "bos_sequence_count": 0,
      "last_choch_idx": 28,
      "ob_idx": 24,
      "direction": "bullish",
      "bos_tag": "CHoCH",
      "high": 4743.10009765625,
      "low": 4722.5,
      "proximal_line": 4743.10009765625,
      "distal_line": 4722.5,
      "median_leg_body": 5.7001953125,
      "ob_body": 5.7001953125,
      "fvg": {
        "exists": true,
        "fvg_top": 4748.39990234375,
        "fvg_bottom": 4743.10009765625,
        "c1_idx": 24,
        "c3_idx": 26
      },
      "touches": 0,
      "status": "Pristine"
    }
  ]
}