{
  "EURUSD": [],
  "USDJPY": [
    {
      "bos_idx": 146,
      "bos_swing_price": 158.92100524902344,
      "impulse_start_idx": 137,
      "impulse_start_price": 158.54299926757812,
      "bos_sequence_count": 0,
      "last_choch_idx": 146,
      "ob_idx": 143,
      "direction": "bullish",
      "bos_tag": "CHoCH",
      "high": 158.80099487304688,
      "low": 158.6840057373047,
      "proximal_line": 158.80099487304688,
      "distal_line": 158.6840057373047,
      "median_leg_body": 0.072998046875,
      "ob_body": 0.037994384765625,
      "fvg": {
        "exists": true,
        "fvg_top": 158.82899475097656,
        "fvg_bottom": 158.81300354003906,
        "c1_idx": 144,
        "c3_idx": 146
      },
      "touches": 1,
      "status": "Tested (1x)"
    },
    {
      "bos_idx": 114,
      "bos_swing_price": 158.99899291992188,
      "impulse_start_idx": 107,
      "impulse_start_price": 159.5290069580078,
      "bos_sequence_count": 0,
      "last_choch_idx": 114,
      "ob_idx": 113,
      "direction": "bearish",
      "bos_tag": "CHoCH",
      "high": 159.22500610351562,
      "low": 159.13099670410156,
      "proximal_line": 159.13099670410156,
      "distal_line": 159.22500610351562,
      "median_leg_body": 0.10950469970703125,
      "ob_body": 0.0179901123046875,
      "fvg": {
        "exists": false,
        "fvg_top": null,
        "fvg_bottom": null,
        "c1_idx": null,
        "c3_idx": null
      },
      "touches": 2,
      "status": "Tested (2x)"
    }
  ],
  "NZDUSD": [
    {
      "bos_idx": 144,
      "bos_swing_price": 0.5895531177520752,
      "impulse_start_idx": 143,
      "impulse_start_price": 0.5886161923408508,
      "bos_sequence_count": 0,
      "last_choch_idx": 144,
      "ob_idx": 143,
      "direction": "bullish",
      "bos_tag": "CHoCH",
      "high": 0.5893446803092957,
      "low": 0.5886161923408508,
      "proximal_line": 0.5893446803092957,
      "distal_line": 0.5886161923408508,
      "median_leg_body": 0.00128898024559021,
      "ob_body": 0.00034695863723754883,
      "fvg": {
        "exists": false,
        "fvg_top": null,
        "fvg_bottom": null,
        "c1_idx": null,
        "c3_idx": null
      },
      "touches": 0,
      "status": "Pristine"
    }
  ],
  "USDCHF": [],
  "NAS100": [
    {
      "bos_idx": 113,
      "bos_swing_price": 26564.0,
      "impulse_start_idx": 107,
      "impulse_start_price": 26440.0,
      "bos_sequence_count": 3,
      "last_choch_idx": 41,
      "ob_idx": 112,
      "direction": "bullish",
      "bos_tag": "BOS",
      "high": 26547.0,
      "low": 26505.5,
      "proximal_line": 26547.0,
      "distal_line": 26505.5,
      "median_leg_body": 18.25,
      "ob_body": 10.5,
      "fvg": {
        "exists": false,
        "fvg_top": null,
        "fvg_bottom": null,
        "c1_idx": null,
        "c3_idx": null
      },
      "touches": 0,
      "status": "Pristine"
    }
  ],
  "GOLD": [
    {
      "bos_idx": 33,
      "bos_swing_price": 4762.5,
      "impulse_start_idx": 29,
      "impulse_start_price": 4722.5,
      "bos_sequence_count": 0,
      "last_choch_idx": 33,
      "ob_idx": 29,
      "direction": "bullish",
      "bos_tag": "CHoCH",
      "high": 4743.10009765625,
      "low": 4722.5,
      "proximal_line": 4743.10009765625,
      "distal_line": 4722.5,
      "median_leg_body": 5.7001953125,
      "ob_body": 5.7001953125,
      "fvg": {
        "exists": true,
        "fvg_top": 4748.39990234375,
        "fvg_bottom": 4743.10009765625,
        "c1_idx": 29,
        "c3_idx": 31
      },
      "touches": 0,
      "status": "Pristine"
    }
  ]
}