{
  "EURUSD": [],
  "USDJPY": [
    {
      "bos_idx": 144,
      "bos_swing_price": 158.74000549316406,
      "impulse_start_idx": 136,
      "ob_idx": 138,
      "direction": "bearish",
      "bos_tag": "BOS",
      "high": 159.03399658203125,
      "low": 158.9250030517578,
      "proximal_line": 158.9250030517578,
      "distal_line": 159.03399658203125,
      "median_leg_body": 0.0619964599609375,
      "ob_body": 0.0659942626953125,
      "fvg": {
        "exists": false,
        "fvg_top": null,
        "fvg_bottom": null,
        "c1_idx": null,
        "c3_idx": null
      },
      "touches": 2,
      "status": "Tested (2x)"
    },
    {
      "bos_idx": 142,
      "bos_swing_price": 158.74000549316406,
      "impulse_start_idx": 136,
      "ob_idx": 138,
      "direction": "bearish",
      "bos_tag": "CHoCH",
      "high": 159.03399658203125,
      "low": 158.9250030517578,
      "proximal_line": 158.9250030517578,
      "distal_line": 159.03399658203125,
      "median_leg_body": 0.0619964599609375,
      "ob_body": 0.0659942626953125,
      "fvg": {
        "exists": false,
        "fvg_top": null,
        "fvg_bottom": null,
        "c1_idx": null,
        "c3_idx": null
      },
      "touches": 2,
      "status": "Tested (2x)"
    }
  ],
  "NZDUSD": [
    {
      "bos_idx": 100,
      "bos_swing_price": 0.5875095129013062,
      "impulse_start_idx": 95,
      "ob_idx": 95,
      "direction": "bullish",
      "bos_tag": "BOS",
      "high": 0.5868889093399048,
      "low": 0.5858917236328125,
      "proximal_line": 0.5868889093399048,
      "distal_line": 0.5858917236328125,
      "median_leg_body": 0.0005680322647094727,
      "ob_body": 0.0008938312530517578,
      "fvg": {
        "exists": true,
        "fvg_top": 0.5867855548858643,
        "fvg_bottom": 0.5863383412361145,
        "c1_idx": 96,
        "c3_idx": 98
      },
      "touches": 2,
      "status": "Tested (2x)"
    }
  ],
  "USDCHF": [
    {
      "bos_idx": 100,
      "bos_swing_price": 0.7825700044631958,
      "impulse_start_idx": 96,
      "ob_idx": 99,
      "direction": "bearish",
      "bos_tag": "BOS",
      "high": 0.7836199998855591,
      "low": 0.7828500270843506,
      "proximal_line": 0.7828500270843506,
      "distal_line": 0.7836199998855591,
      "median_leg_body": 0.00014001131057739258,
      "ob_body": 0.00014001131057739258,
      "fvg": {
        "exists": false,
        "fvg_top": null,
        "fvg_bottom": null,
        "c1_idx": null,
        "c3_idx": null
      },
      "touches": 2,
      "status": "Tested (2x)"
    }
  ],
  "NAS100": [
    {
      "bos_idx": 132,
      "bos_swing_price": 26058.0,
      "impulse_start_idx": 129,
      "ob_idx": 131,
      "direction": "bullish",
      "bos_tag": "BOS",
      "high": 26007.25,
      "low": 25960.5,
      "proximal_line": 26007.25,
      "distal_line": 25960.5,
      "median_leg_body": 10.625,
      "ob_body": 8.5,
      "fvg": {
        "exists": false,
        "fvg_top": null,
        "fvg_bottom": null,
        "c1_idx": null,
        "c3_idx": null
      },
      "touches": 0,
      "status": "Pristine"
    }
  ],
  "GOLD": [
    {
      "bos_idx": 142,
      "bos_swing_price": 4854.60009765625,
      "impulse_start_idx": 134,
      "ob_idx": 139,
      "direction": "bullish",
      "bos_tag": "BOS",
      "high": 4819.39990234375,
      "low": 4810.5,
      "proximal_line": 4819.39990234375,
      "distal_line": 4810.5,
      "median_leg_body": 9.30029296875,
      "ob_body": 4.80029296875,
      "fvg": {
        "exists": true,
        "fvg_top": 4829.2001953125,
        "fvg_bottom": 4819.39990234375,
        "c1_idx": 139,
        "c3_idx": 141
      },
      "touches": 0,
      "status": "Pristine"
    }
  ]
}