{
  "EURUSD": [],
  "USDJPY": [
    {
      "bos_idx": 100,
      "bos_swing_price": 159.55299377441406,
      "impulse_start_idx": 96,
      "ob_idx": 99,
      "direction": "bearish",
      "bos_tag": "BOS",
      "high": 159.75399780273438,
      "low": 159.56700134277344,
      "proximal_line": 159.56700134277344,
      "distal_line": 159.75399780273438,
      "median_leg_body": 0.1720123291015625,
      "ob_body": 0.1720123291015625,
      "fvg": {
        "exists": false,
        "fvg_top": 159.68099975585938,
        "fvg_bottom": 159.66200256347656,
        "c1_idx": null,
        "c3_idx": null
      },
      "touches": 0,
      "status": "Pristine"
    }
  ],
  "NZDUSD": [
    {
      "bos_idx": 148,
      "bos_swing_price": 0.5910863876342773,
      "impulse_start_idx": 134,
      "ob_idx": 144,
      "direction": "bullish",
      "bos_tag": "BOS",
      "high": 0.5901097655296326,
      "low": 0.5895878672599792,
      "proximal_line": 0.5901097655296326,
      "distal_line": 0.5895878672599792,
      "median_leg_body": 0.00017404556274414062,
      "ob_body": 0.00017404556274414062,
      "fvg": {
        "exists": true,
        "fvg_top": 0.5904930233955383,
        "fvg_bottom": 0.5904233455657959,
        "c1_idx": 145,
        "c3_idx": 147
      },
      "touches": 1,
      "status": "Tested (1x)"
    }
  ],
  "USDCHF": [
    {
      "bos_idx": 142,
      "bos_swing_price": 0.7820000052452087,
      "impulse_start_idx": 140,
      "ob_idx": 140,
      "direction": "bullish",
      "bos_tag": "BOS",
      "high": 0.7811200022697449,
      "low": 0.7798100113868713,
      "proximal_line": 0.7811200022697449,
      "distal_line": 0.7798100113868713,
      "median_leg_body": 0.0008400082588195801,
      "ob_body": 0.00020003318786621094,
      "fvg": {
        "exists": false,
        "fvg_top": 0.7814000248908997,
        "fvg_bottom": 0.7811200022697449,
        "c1_idx": null,
        "c3_idx": null
      },
      "touches": 2,
      "status": "Tested (2x)"
    },
    {
      "bos_idx": 114,
      "bos_swing_price": 0.7825700044631958,
      "impulse_start_idx": 110,
      "ob_idx": 113,
      "direction": "bearish",
      "bos_tag": "BOS",
      "high": 0.7836199998855591,
      "low": 0.7828500270843506,
      "proximal_line": 0.7828500270843506,
      "distal_line": 0.7836199998855591,
      "median_leg_body": 0.00014001131057739258,
      "ob_body": 0.00014001131057739258,
      "fvg": {
        "exists": false,
        "fvg_top": 0.7833300232887268,
        "fvg_bottom": 0.7832300066947937,
        "c1_idx": null,
        "c3_idx": null
      },
      "touches": 2,
      "status": "Tested (2x)"
    }
  ],
  "NAS100": [
    {
      "bos_idx": 145,
      "bos_swing_price": 26058.0,
      "impulse_start_idx": 142,
      "ob_idx": 144,
      "direction": "bullish",
      "bos_tag": "BOS",
      "high": 26007.25,
      "low": 25960.5,
      "proximal_line": 26007.25,
      "distal_line": 25960.5,
      "median_leg_body": 10.625,
      "ob_body": 8.5,
      "fvg": {
        "exists": false,
        "fvg_top": null,
        "fvg_bottom": null,
        "c1_idx": null,
        "c3_idx": null
      },
      "touches": 0,
      "status": "Pristine"
    }
  ],
  "GOLD": [
    {
      "bos_idx": 123,
      "bos_swing_price": 4820.39990234375,
      "impulse_start_idx": 119,
      "ob_idx": 121,
      "direction": "bullish",
      "bos_tag": "BOS",
      "high": 4800.2001953125,
      "low": 4784.2001953125,
      "proximal_line": 4800.2001953125,
      "distal_line": 4784.2001953125,
      "median_leg_body": 8.89990234375,
      "ob_body": 3.80029296875,
      "fvg": {
        "exists": true,
        "fvg_top": 4816.7001953125,
        "fvg_bottom": 4800.2001953125,
        "c1_idx": 121,
        "c3_idx": 123
      },
      "touches": 0,
      "status": "Pristine"
    }
  ]
}