{
  "EURUSD": [
    {
      "bos_idx": 148,
      "bos_swing_price": 1.1777175664901733,
      "impulse_start_idx": 138,
      "ob_idx": 146,
      "direction": "bearish",
      "bos_tag": "CHoCH",
      "high": 1.1791062355041504,
      "low": 1.1784114837646484,
      "proximal_line": 1.1784114837646484,
      "distal_line": 1.1791062355041504,
      "median_leg_body": 0.0004190206527709961,
      "ob_body": 0.00041675567626953125,
      "fvg": {
        "exists": false,
        "fvg_top": null,
        "fvg_bottom": null,
        "c1_idx": null,
        "c3_idx": null
      },
      "touches": 1,
      "status": "Tested (1x)"
    }
  ],
  "USDJPY": [
    {
      "bos_idx": 148,
      "bos_swing_price": 159.12100219726562,
      "impulse_start_idx": 138,
      "ob_idx": 146,
      "direction": "bullish",
      "bos_tag": "CHoCH",
      "high": 159.02000427246094,
      "low": 158.87100219726562,
      "proximal_line": 159.02000427246094,
      "distal_line": 158.87100219726562,
      "median_leg_body": 0.0810089111328125,
      "ob_body": 0.0590057373046875,
      "fvg": {
        "exists": false,
        "fvg_top": null,
        "fvg_bottom": null,
        "c1_idx": null,
        "c3_idx": null
      },
      "touches": 1,
      "status": "Tested (1x)"
    },
    {
      "bos_idx": 79,
      "bos_swing_price": 159.55299377441406,
      "impulse_start_idx": 75,
      "ob_idx": 78,
      "direction": "bearish",
      "bos_tag": "BOS",
      "high": 159.75399780273438,
      "low": 159.56700134277344,
      "proximal_line": 159.56700134277344,
      "distal_line": 159.75399780273438,
      "median_leg_body": 0.1720123291015625,
      "ob_body": 0.1720123291015625,
      "fvg": {
        "exists": false,
        "fvg_top": null,
        "fvg_bottom": null,
        "c1_idx": null,
        "c3_idx": null
      },
      "touches": 0,
      "status": "Pristine"
    }
  ],
  "NZDUSD": [
    {
      "bos_idx": 93,
      "bos_swing_price": 0.5875095129013062,
      "impulse_start_idx": 88,
      "ob_idx": 88,
      "direction": "bullish",
      "bos_tag": "BOS",
      "high": 0.5868889093399048,
      "low": 0.5858917236328125,
      "proximal_line": 0.5868889093399048,
      "distal_line": 0.5858917236328125,
      "median_leg_body": 0.0005680322647094727,
      "ob_body": 0.0008938312530517578,
      "fvg": {
        "exists": true,
        "fvg_top": 0.5867855548858643,
        "fvg_bottom": 0.5863383412361145,
        "c1_idx": 89,
        "c3_idx": 91
      },
      "touches": 2,
      "status": "Tested (2x)"
    }
  ],
  "USDCHF": [
    {
      "bos_idx": 144,
      "bos_swing_price": 0.7828099727630615,
      "impulse_start_idx": 138,
      "ob_idx": 141,
      "direction": "bullish",
      "bos_tag": "CHoCH",
      "high": 0.7815600037574768,
      "low": 0.7806900143623352,
      "proximal_line": 0.7815600037574768,
      "distal_line": 0.7806900143623352,
      "median_leg_body": 0.00039005279541015625,
      "ob_body": 0.00039005279541015625,
      "fvg": {
        "exists": true,
        "fvg_top": 0.7818599939346313,
        "fvg_bottom": 0.7815600037574768,
        "c1_idx": 141,
        "c3_idx": 143
      },
      "touches": 0,
      "status": "Pristine"
    }
  ],
  "NAS100": [
    {
      "bos_idx": 125,
      "bos_swing_price": 26058.0,
      "impulse_start_idx": 122,
      "ob_idx": 124,
      "direction": "bullish",
      "bos_tag": "BOS",
      "high": 26007.25,
      "low": 25960.5,
      "proximal_line": 26007.25,
      "distal_line": 25960.5,
      "median_leg_body": 10.625,
      "ob_body": 8.5,
      "fvg": {
        "exists": false,
        "fvg_top": null,
        "fvg_bottom": null,
        "c1_idx": null,
        "c3_idx": null
      },
      "touches": 0,
      "status": "Pristine"
    }
  ],
  "GOLD": [
    {
      "bos_idx": 135,
      "bos_swing_price": 4854.60009765625,
      "impulse_start_idx": 127,
      "ob_idx": 132,
      "direction": "bullish",
      "bos_tag": "BOS",
      "high": 4819.39990234375,
      "low": 4810.5,
      "proximal_line": 4819.39990234375,
      "distal_line": 4810.5,
      "median_leg_body": 9.30029296875,
      "ob_body": 4.80029296875,
      "fvg": {
        "exists": false,
        "fvg_top": null,
        "fvg_bottom": null,
        "c1_idx": null,
        "c3_idx": null
      },
      "touches": 2,
      "status": "Tested (2x)"
    }
  ]
}