{
  "EURUSD": [
    {
      "bos_idx": 146,
      "bos_swing_price": 1.1791062355041504,
      "impulse_start_idx": 144,
      "ob_idx": 144,
      "direction": "bullish",
      "bos_tag": "CHoCH",
      "high": 1.178550362586975,
      "low": 1.1777175664901733,
      "proximal_line": 1.178550362586975,
      "distal_line": 1.1777175664901733,
      "median_leg_body": 0.0005553960800170898,
      "ob_body": 0.0004163980484008789,
      "fvg": {
        "exists": false,
        "fvg_top": null,
        "fvg_bottom": null,
        "c1_idx": null,
        "c3_idx": null
      },
      "touches": 1,
      "status": "Tested (1x)"
    }
  ],
  "USDJPY": [
    {
      "bos_idx": 58,
      "bos_swing_price": 159.55299377441406,
      "impulse_start_idx": 54,
      "ob_idx": 57,
      "direction": "bearish",
      "bos_tag": "BOS",
      "high": 159.75399780273438,
      "low": 159.56700134277344,
      "proximal_line": 159.56700134277344,
      "distal_line": 159.75399780273438,
      "median_leg_body": 0.1720123291015625,
      "ob_body": 0.1720123291015625,
      "fvg": {
        "exists": false,
        "fvg_top": null,
        "fvg_bottom": null,
        "c1_idx": null,
        "c3_idx": null
      },
      "touches": 0,
      "status": "Pristine"
    }
  ],
  "NZDUSD": [
    {
      "bos_idx": 72,
      "bos_swing_price": 0.5875095129013062,
      "impulse_start_idx": 67,
      "ob_idx": 67,
      "direction": "bullish",
      "bos_tag": "BOS",
      "high": 0.5868889093399048,
      "low": 0.5858917236328125,
      "proximal_line": 0.5868889093399048,
      "distal_line": 0.5858917236328125,
      "median_leg_body": 0.0005680322647094727,
      "ob_body": 0.0008938312530517578,
      "fvg": {
        "exists": true,
        "fvg_top": 0.5867855548858643,
        "fvg_bottom": 0.5863383412361145,
        "c1_idx": 68,
        "c3_idx": 70
      },
      "touches": 2,
      "status": "Tested (2x)"
    }
  ],
  "USDCHF": [
    {
      "bos_idx": 146,
      "bos_swing_price": 0.7824500203132629,
      "impulse_start_idx": 144,
      "ob_idx": 144,
      "direction": "bearish",
      "bos_tag": "CHoCH",
      "high": 0.784030020236969,
      "low": 0.7831000089645386,
      "proximal_line": 0.7831000089645386,
      "distal_line": 0.784030020236969,
      "median_leg_body": 0.0008499622344970703,
      "ob_body": 0.0005199909210205078,
      "fvg": {
        "exists": false,
        "fvg_top": null,
        "fvg_bottom": null,
        "c1_idx": null,
        "c3_idx": null
      },
      "touches": 1,
      "status": "Tested (1x)"
    },
    {
      "bos_idx": 123,
      "bos_swing_price": 0.7828099727630615,
      "impulse_start_idx": 117,
      "ob_idx": 120,
      "direction": "bullish",
      "bos_tag": "CHoCH",
      "high": 0.7815600037574768,
      "low": 0.7806900143623352,
      "proximal_line": 0.7815600037574768,
      "distal_line": 0.7806900143623352,
      "median_leg_body": 0.00039005279541015625,
      "ob_body": 0.00039005279541015625,
      "fvg": {
        "exists": true,
        "fvg_top": 0.7818599939346313,
        "fvg_bottom": 0.7815600037574768,
        "c1_idx": 120,
        "c3_idx": 122
      },
      "touches": 0,
      "status": "Pristine"
    }
  ],
  "NAS100": [
    {
      "bos_idx": 105,
      "bos_swing_price": 26058.0,
      "impulse_start_idx": 102,
      "ob_idx": 104,
      "direction": "bullish",
      "bos_tag": "BOS",
      "high": 26007.25,
      "low": 25960.5,
      "proximal_line": 26007.25,
      "distal_line": 25960.5,
      "median_leg_body": 10.625,
      "ob_body": 8.5,
      "fvg": {
        "exists": false,
        "fvg_top": null,
        "fvg_bottom": null,
        "c1_idx": null,
        "c3_idx": null
      },
      "touches": 0,
      "status": "Pristine"
    }
  ],
  "GOLD": [
    {
      "bos_idx": 65,
      "bos_swing_price": 4762.5,
      "impulse_start_idx": 61,
      "ob_idx": 61,
      "direction": "bullish",
      "bos_tag": "CHoCH",
      "high": 4743.10009765625,
      "low": 4722.5,
      "proximal_line": 4743.10009765625,
      "distal_line": 4722.5,
      "median_leg_body": 5.7001953125,
      "ob_body": 5.7001953125,
      "fvg": {
        "exists": true,
        "fvg_top": 4748.39990234375,
        "fvg_bottom": 4743.10009765625,
        "c1_idx": 61,
        "c3_idx": 63
      },
      "touches": 0,
      "status": "Pristine"
    }
  ]
}