{
  "NZDUSD": [
    {
      "bos_idx": 118,
      "bos_swing_price": 0.5875095129013062,
      "impulse_start_idx": 113,
      "ob_idx": 113,
      "direction": "bullish",
      "bos_tag": "BOS",
      "high": 0.5868889093399048,
      "low": 0.5858917236328125,
      "proximal_line": 0.5868889093399048,
      "distal_line": 0.5858917236328125,
      "median_leg_body": 0.0005680322647094727,
      "ob_body": 0.0008938312530517578,
      "fvg": {
        "exists": true,
        "fvg_top": 0.5867855548858643,
        "fvg_bottom": 0.5863383412361145,
        "c1_idx": 114,
        "c3_idx": 116
      },
      "touches": 2,
      "status": "Tested (2x)"
    }
  ],
  "USDCHF": [
    {
      "bos_idx": 146,
      "bos_swing_price": 0.7820000052452087,
      "impulse_start_idx": 144,
      "ob_idx": 144,
      "direction": "bullish",
      "bos_tag": "BOS",
      "high": 0.7811200022697449,
      "low": 0.7798100113868713,
      "proximal_line": 0.7811200022697449,
      "distal_line": 0.7798100113868713,
      "median_leg_body": 0.0008400082588195801,
      "ob_body": 0.00020003318786621094,
      "fvg": {
        "exists": true,
        "fvg_top": 0.7814000248908997,
        "fvg_bottom": 0.7811200022697449,
        "c1_idx": 144,
        "c3_idx": 146
      },
      "touches": 0,
      "status": "Pristine"
    },
    {
      "bos_idx": 118,
      "bos_swing_price": 0.7825700044631958,
      "impulse_start_idx": 114,
      "ob_idx": 117,
      "direction": "bearish",
      "bos_tag": "BOS",
      "high": 0.7836199998855591,
      "low": 0.7828500270843506,
      "proximal_line": 0.7828500270843506,
      "distal_line": 0.7836199998855591,
      "median_leg_body": 0.00014001131057739258,
      "ob_body": 0.00014001131057739258,
      "fvg": {
        "exists": false,
        "fvg_top": 0.7833300232887268,
        "fvg_bottom": 0.7832300066947937,
        "c1_idx": null,
        "c3_idx": null
      },
      "touches": 2,
      "status": "Tested (2x)"
    }
  ],
  "NAS100": [
    {
      "bos_idx": 121,
      "bos_swing_price": 25619.25,
      "impulse_start_idx": 102,
      "ob_idx": 118,
      "direction": "bullish",
      "bos_tag": "BOS",
      "high": 25598.25,
      "low": 25571.5,
      "proximal_line": 25598.25,
      "distal_line": 25571.5,
      "median_leg_body": 25.625,
      "ob_body": 19.25,
      "fvg": {
        "exists": true,
        "fvg_top": 25245.5,
        "fvg_bottom": 25179.5,
        "c1_idx": 102,
        "c3_idx": 104
      },
      "touches": 1,
      "status": "Tested (1x)"
    },
    {
      "bos_idx": 106,
      "bos_swing_price": 25393.0,
      "impulse_start_idx": 102,
      "ob_idx": 105,
      "direction": "bullish",
      "bos_tag": "CHoCH",
      "high": 25355.0,
      "low": 25296.5,
      "proximal_line": 25355.0,
      "distal_line": 25296.5,
      "median_leg_body": 78.5,
      "ob_body": 42.5,
      "fvg": {
        "exists": true,
        "fvg_top": 25245.5,
        "fvg_bottom": 25179.5,
        "c1_idx": 102,
        "c3_idx": 104
      },
      "touches": 0,
      "status": "Pristine"
    }
  ],
  "GOLD": [
    {
      "bos_idx": 127,
      "bos_swing_price": 4820.39990234375,
      "impulse_start_idx": 123,
      "ob_idx": 125,
      "direction": "bullish",
      "bos_tag": "BOS",
      "high": 4800.2001953125,
      "low": 4784.2001953125,
      "proximal_line": 4800.2001953125,
      "distal_line": 4784.2001953125,
      "median_leg_body": 8.89990234375,
      "ob_body": 3.80029296875,
      "fvg": {
        "exists": true,
        "fvg_top": 4816.7001953125,
        "fvg_bottom": 4800.2001953125,
        "c1_idx": 125,
        "c3_idx": 127
      },
      "touches": 0,
      "status": "Pristine"
    }
  ]
}