{
  "EURUSD": [],
  "USDJPY": [
    {
      "bos_idx": 142,
      "bos_swing_price": 159.30499267578125,
      "impulse_start_idx": 140,
      "ob_idx": 140,
      "direction": "bullish",
      "bos_tag": "BOS",
      "high": 159.13999938964844,
      "low": 158.99899291992188,
      "proximal_line": 159.13999938964844,
      "distal_line": 158.99899291992188,
      "median_leg_body": 0.0880126953125,
      "ob_body": 0.0330047607421875,
      "fvg": {
        "exists": true,
        "fvg_top": 159.16799926757812,
        "fvg_bottom": 159.13999938964844,
        "c1_idx": 140,
        "c3_idx": 142
      },
      "touches": 0,
      "status": "Pristine"
    },
    {
      "bos_idx": 62,
      "bos_swing_price": 159.55299377441406,
      "impulse_start_idx": 58,
      "ob_idx": 61,
      "direction": "bearish",
      "bos_tag": "BOS",
      "high": 159.75399780273438,
      "low": 159.56700134277344,
      "proximal_line": 159.56700134277344,
      "distal_line": 159.75399780273438,
      "median_leg_body": 0.1720123291015625,
      "ob_body": 0.1720123291015625,
      "fvg": {
        "exists": false,
        "fvg_top": null,
        "fvg_bottom": null,
        "c1_idx": null,
        "c3_idx": null
      },
      "touches": 0,
      "status": "Pristine"
    }
  ],
  "NZDUSD": [
    {
      "bos_idx": 148,
      "bos_swing_price": 0.5884429812431335,
      "impulse_start_idx": 134,
      "ob_idx": 147,
      "direction": "bearish",
      "bos_tag": "BOS",
      "high": 0.5891710519790649,
      "low": 0.5888240933418274,
      "proximal_line": 0.5888240933418274,
      "distal_line": 0.5891710519790649,
      "median_leg_body": 0.00024259090423583984,
      "ob_body": 0.00010412931442260742,
      "fvg": {
        "exists": false,
        "fvg_top": null,
        "fvg_bottom": null,
        "c1_idx": null,
        "c3_idx": null
      },
      "touches": 0,
      "status": "Pristine"
    },
    {
      "bos_idx": 76,
      "bos_swing_price": 0.5875095129013062,
      "impulse_start_idx": 71,
      "ob_idx": 71,
      "direction": "bullish",
      "bos_tag": "BOS",
      "high": 0.5868889093399048,
      "low": 0.5858917236328125,
      "proximal_line": 0.5868889093399048,
      "distal_line": 0.5858917236328125,
      "median_leg_body": 0.0005680322647094727,
      "ob_body": 0.0008938312530517578,
      "fvg": {
        "exists": true,
        "fvg_top": 0.5867855548858643,
        "fvg_bottom": 0.5863383412361145,
        "c1_idx": 72,
        "c3_idx": 74
      },
      "touches": 2,
      "status": "Tested (2x)"
    }
  ],
  "USDCHF": [
    {
      "bos_idx": 127,
      "bos_swing_price": 0.7828099727630615,
      "impulse_start_idx": 121,
      "ob_idx": 124,
      "direction": "bullish",
      "bos_tag": "CHoCH",
      "high": 0.7815600037574768,
      "low": 0.7806900143623352,
      "proximal_line": 0.7815600037574768,
      "distal_line": 0.7806900143623352,
      "median_leg_body": 0.00039005279541015625,
      "ob_body": 0.00039005279541015625,
      "fvg": {
        "exists": true,
        "fvg_top": 0.7818599939346313,
        "fvg_bottom": 0.7815600037574768,
        "c1_idx": 124,
        "c3_idx": 126
      },
      "touches": 0,
      "status": "Pristine"
    }
  ],
  "NAS100": [
    {
      "bos_idx": 110,
      "bos_swing_price": 26058.0,
      "impulse_start_idx": 107,
      "ob_idx": 109,
      "direction": "bullish",
      "bos_tag": "BOS",
      "high": 26007.25,
      "low": 25960.5,
      "proximal_line": 26007.25,
      "distal_line": 25960.5,
      "median_leg_body": 10.625,
      "ob_body": 8.5,
      "fvg": {
        "exists": false,
        "fvg_top": null,
        "fvg_bottom": null,
        "c1_idx": null,
        "c3_idx": null
      },
      "touches": 0,
      "status": "Pristine"
    }
  ],
  "GOLD": [
    {
      "bos_idx": 88,
      "bos_swing_price": 4820.39990234375,
      "impulse_start_idx": 84,
      "ob_idx": 86,
      "direction": "bullish",
      "bos_tag": "BOS",
      "high": 4800.2001953125,
      "low": 4784.2001953125,
      "proximal_line": 4800.2001953125,
      "distal_line": 4784.2001953125,
      "median_leg_body": 8.89990234375,
      "ob_body": 3.80029296875,
      "fvg": {
        "exists": false,
        "fvg_top": null,
        "fvg_bottom": null,
        "c1_idx": null,
        "c3_idx": null
      },
      "touches": 3,
      "status": "Tested (3x)"
    }
  ]
}