{
  "EURUSD": [
    {
      "bos_idx": 131,
      "bos_swing_price": 1.1760554313659668,
      "impulse_start_idx": 116,
      "impulse_start_price": 1.1793843507766724,
      "bos_sequence_count": 1,
      "last_choch_idx": 91,
      "ob_idx": 130,
      "direction": "bearish",
      "bos_tag": "BOS",
      "high": 1.1773016452789307,
      "low": 1.1764705181121826,
      "proximal_line": 1.1764705181121826,
      "distal_line": 1.1773016452789307,
      "median_leg_body": 0.0003466010093688965,
      "ob_body": 0.00041544437408447266,
      "fvg": {
        "exists": false,
        "fvg_top": null,
        "fvg_bottom": null,
        "c1_idx": null,
        "c3_idx": null
      },
      "touches": 1,
      "status": "Tested (1x)"
    }
  ],
  "USDJPY": [
    {
      "bos_idx": 147,
      "bos_swing_price": 159.1649932861328,
      "impulse_start_idx": 137,
      "impulse_start_price": 159.63699340820312,
      "bos_sequence_count": 0,
      "last_choch_idx": 147,
      "ob_idx": 144,
      "direction": "bearish",
      "bos_tag": "CHoCH",
      "high": 159.4010009765625,
      "low": 159.32400512695312,
      "proximal_line": 159.32400512695312,
      "distal_line": 159.4010009765625,
      "median_leg_body": 0.0590057373046875,
      "ob_body": 0.037994384765625,
      "fvg": {
        "exists": false,
        "fvg_top": null,
        "fvg_bottom": null,
        "c1_idx": null,
        "c3_idx": null
      },
      "touches": 2,
      "status": "Tested (2x)"
    },
    {
      "bos_idx": 124,
      "bos_swing_price": 158.9949951171875,
      "impulse_start_idx": 123,
      "impulse_start_price": 158.78599548339844,
      "bos_sequence_count": 1,
      "last_choch_idx": 117,
      "ob_idx": 123,
      "direction": "bullish",
      "bos_tag": "BOS",
      "high": 158.91400146484375,
      "low": 158.78599548339844,
      "proximal_line": 158.91400146484375,
      "distal_line": 158.78599548339844,
      "median_leg_body": 0.14599609375,
      "ob_body": 0.08599853515625,
      "fvg": {
        "exists": false,
        "fvg_top": null,
        "fvg_bottom": null,
        "c1_idx": null,
        "c3_idx": null
      },
      "touches": 0,
      "status": "Pristine"
    }
  ],
  "NZDUSD": [
    {
      "bos_idx": 148,
      "bos_swing_price": 0.5920662879943848,
      "impulse_start_idx": 136,
      "impulse_start_price": 0.5875095129013062,
      "bos_sequence_count": 0,
      "last_choch_idx": 148,
      "ob_idx": 145,
      "direction": "bullish",
      "bos_tag": "CHoCH",
      "high": 0.5910165309906006,
      "low": 0.5905628204345703,
      "proximal_line": 0.5910165309906006,
      "distal_line": 0.5905628204345703,
      "median_leg_body": 0.0002779364585876465,
      "ob_body": 0.00017440319061279297,
      "fvg": {
        "exists": true,
        "fvg_top": 0.5915759801864624,
        "fvg_bottom": 0.5910165309906006,
        "c1_idx": 145,
        "c3_idx": 147
      },
      "touches": 0,
      "status": "Pristine"
    }
  ],
  "USDCHF": [],
  "NAS100": [
    {
      "bos_idx": 85,
      "bos_swing_price": 26564.0,
      "impulse_start_idx": 79,
      "impulse_start_price": 26440.0,
      "bos_sequence_count": 2,
      "last_choch_idx": 41,
      "ob_idx": 84,
      "direction": "bullish",
      "bos_tag": "BOS",
      "high": 26547.0,
      "low": 26505.5,
      "proximal_line": 26547.0,
      "distal_line": 26505.5,
      "median_leg_body": 18.25,
      "ob_body": 10.5,
      "fvg": {
        "exists": false,
        "fvg_top": null,
        "fvg_bottom": null,
        "c1_idx": null,
        "c3_idx": null
      },
      "touches": 0,
      "status": "Pristine"
    }
  ],
  "GOLD": [
    {
      "bos_idx": 134,
      "bos_swing_price": 4752.0,
      "impulse_start_idx": 116,
      "impulse_start_price": 4854.7998046875,
      "bos_sequence_count": 1,
      "last_choch_idx": 100,
      "ob_idx": 129,
      "direction": "bearish",
      "bos_tag": "BOS",
      "high": 4818.0,
      "low": 4794.2998046875,
      "proximal_line": 4794.2998046875,
      "distal_line": 4818.0,
      "median_leg_body": 6.10009765625,
      "ob_body": 5.0,
      "fvg": {
        "exists": false,
        "fvg_top": null,
        "fvg_bottom": null,
        "c1_idx": null,
        "c3_idx": null
      },
      "touches": 2,
      "status": "Tested (2x)"
    }
  ]
}