{
  "EURUSD": [
    {
      "bos_idx": 147,
      "bos_swing_price": 1.1741223335266113,
      "impulse_start_idx": 141,
      "impulse_start_price": 1.1764705181121826,
      "bos_sequence_count": 2,
      "last_choch_idx": 86,
      "ob_idx": 146,
      "direction": "bearish",
      "bos_tag": "BOS",
      "high": 1.1756407022476196,
      "low": 1.1749500036239624,
      "proximal_line": 1.1749500036239624,
      "distal_line": 1.1756407022476196,
      "median_leg_body": 0.0005525350570678711,
      "ob_body": 0.0005525350570678711,
      "fvg": {
        "exists": false,
        "fvg_top": null,
        "fvg_bottom": null,
        "c1_idx": null,
        "c3_idx": null,
        "ghost_top": null,
        "ghost_bottom": null,
        "ghost_c1_idx": null,
        "ghost_c3_idx": null,
        "was_detected": false
      },
      "touches": 0,
      "status": "Pristine"
    }
  ],
  "USDJPY": [
    {
      "bos_idx": 119,
      "bos_swing_price": 158.9949951171875,
      "impulse_start_idx": 118,
      "impulse_start_price": 158.78599548339844,
      "bos_sequence_count": 1,
      "last_choch_idx": 112,
      "ob_idx": 118,
      "direction": "bullish",
      "bos_tag": "BOS",
      "high": 158.91400146484375,
      "low": 158.78599548339844,
      "proximal_line": 158.91400146484375,
      "distal_line": 158.78599548339844,
      "median_leg_body": 0.14599609375,
      "ob_body": 0.08599853515625,
      "fvg": {
        "exists": false,
        "fvg_top": null,
        "fvg_bottom": null,
        "c1_idx": null,
        "c3_idx": null,
        "ghost_top": null,
        "ghost_bottom": null,
        "ghost_c1_idx": null,
        "ghost_c3_idx": null,
        "was_detected": false
      },
      "touches": 0,
      "status": "Pristine"
    }
  ],
  "NZDUSD": [],
  "USDCHF": [
    {
      "bos_idx": 148,
      "bos_swing_price": 0.7825899720191956,
      "impulse_start_idx": 141,
      "impulse_start_price": 0.7791600227355957,
      "bos_sequence_count": 2,
      "last_choch_idx": 119,
      "ob_idx": 146,
      "direction": "bullish",
      "bos_tag": "BOS",
      "high": 0.7813900113105774,
      "low": 0.7806699872016907,
      "proximal_line": 0.7813900113105774,
      "distal_line": 0.7806699872016907,
      "median_leg_body": 0.0006399750709533691,
      "ob_body": 0.00024002790451049805,
      "fvg": {
        "exists": true,
        "fvg_top": 0.7814499735832214,
        "fvg_bottom": 0.7813900113105774,
        "c1_idx": 146,
        "c3_idx": 148,
        "ghost_top": 0.7814499735832214,
        "ghost_bottom": 0.7813900113105774,
        "ghost_c1_idx": 146,
        "ghost_c3_idx": 148,
        "was_detected": true
      },
      "touches": 0,
      "status": "Pristine"
    }
  ],
  "NAS100": [
    {
      "bos_idx": 80,
      "bos_swing_price": 26564.0,
      "impulse_start_idx": 74,
      "impulse_start_price": 26440.0,
      "bos_sequence_count": 2,
      "last_choch_idx": 36,
      "ob_idx": 79,
      "direction": "bullish",
      "bos_tag": "BOS",
      "high": 26547.0,
      "low": 26505.5,
      "proximal_line": 26547.0,
      "distal_line": 26505.5,
      "median_leg_body": 18.25,
      "ob_body": 10.5,
      "fvg": {
        "exists": false,
        "fvg_top": null,
        "fvg_bottom": null,
        "c1_idx": null,
        "c3_idx": null,
        "ghost_top": null,
        "ghost_bottom": null,
        "ghost_c1_idx": null,
        "ghost_c3_idx": null,
        "was_detected": false
      },
      "touches": 0,
      "status": "Pristine"
    }
  ],
  "GOLD": [
    {
      "bos_idx": 129,
      "bos_swing_price": 4752.0,
      "impulse_start_idx": 111,
      "impulse_start_price": 4854.7998046875,
      "bos_sequence_count": 1,
      "last_choch_idx": 95,
      "ob_idx": 124,
      "direction": "bearish",
      "bos_tag": "BOS",
      "high": 4818.0,
      "low": 4794.2998046875,
      "proximal_line": 4794.2998046875,
      "distal_line": 4818.0,
      "median_leg_body": 6.10009765625,
      "ob_body": 5.0,
      "fvg": {
        "exists": false,
        "fvg_top": null,
        "fvg_bottom": null,
        "c1_idx": null,
        "c3_idx": null,
        "ghost_top": null,
        "ghost_bottom": null,
        "ghost_c1_idx": null,
        "ghost_c3_idx": null,
        "was_detected": false
      },
      "touches": 2,
      "status": "Tested (2x)"
    }
  ]
}