{
  "EURUSD": [],
  "USDJPY": [
    {
      "bos_idx": 102,
      "bos_swing_price": 159.55299377441406,
      "impulse_start_idx": 98,
      "ob_idx": 101,
      "direction": "bearish",
      "bos_tag": "BOS",
      "high": 159.75399780273438,
      "low": 159.56700134277344,
      "proximal_line": 159.56700134277344,
      "distal_line": 159.75399780273438,
      "median_leg_body": 0.1720123291015625,
      "ob_body": 0.1720123291015625,
      "fvg": {
        "exists": false,
        "fvg_top": 159.68099975585938,
        "fvg_bottom": 159.66200256347656,
        "c1_idx": null,
        "c3_idx": null
      },
      "touches": 0,
      "status": "Pristine"
    }
  ],
  "NZDUSD": [
    {
      "bos_idx": 116,
      "bos_swing_price": 0.5875095129013062,
      "impulse_start_idx": 111,
      "ob_idx": 111,
      "direction": "bullish",
      "bos_tag": "BOS",
      "high": 0.5868889093399048,
      "low": 0.5858917236328125,
      "proximal_line": 0.5868889093399048,
      "distal_line": 0.5858917236328125,
      "median_leg_body": 0.0005680322647094727,
      "ob_body": 0.0008938312530517578,
      "fvg": {
        "exists": true,
        "fvg_top": 0.5867855548858643,
        "fvg_bottom": 0.5863383412361145,
        "c1_idx": 112,
        "c3_idx": 114
      },
      "touches": 2,
      "status": "Tested (2x)"
    }
  ],
  "USDCHF": [
    {
      "bos_idx": 144,
      "bos_swing_price": 0.7820000052452087,
      "impulse_start_idx": 142,
      "ob_idx": 142,
      "direction": "bullish",
      "bos_tag": "BOS",
      "high": 0.7811200022697449,
      "low": 0.7798100113868713,
      "proximal_line": 0.7811200022697449,
      "distal_line": 0.7798100113868713,
      "median_leg_body": 0.0008400082588195801,
      "ob_body": 0.00020003318786621094,
      "fvg": {
        "exists": false,
        "fvg_top": 0.7814000248908997,
        "fvg_bottom": 0.7811200022697449,
        "c1_idx": null,
        "c3_idx": null
      },
      "touches": 2,
      "status": "Tested (2x)"
    },
    {
      "bos_idx": 116,
      "bos_swing_price": 0.7825700044631958,
      "impulse_start_idx": 112,
      "ob_idx": 115,
      "direction": "bearish",
      "bos_tag": "BOS",
      "high": 0.7836199998855591,
      "low": 0.7828500270843506,
      "proximal_line": 0.7828500270843506,
      "distal_line": 0.7836199998855591,
      "median_leg_body": 0.00014001131057739258,
      "ob_body": 0.00014001131057739258,
      "fvg": {
        "exists": false,
        "fvg_top": 0.7833300232887268,
        "fvg_bottom": 0.7832300066947937,
        "c1_idx": null,
        "c3_idx": null
      },
      "touches": 2,
      "status": "Tested (2x)"
    }
  ],
  "NAS100": [
    {
      "bos_idx": 147,
      "bos_swing_price": 26058.0,
      "impulse_start_idx": 100,
      "ob_idx": 146,
      "direction": "bullish",
      "bos_tag": "BOS",
      "high": 26007.25,
      "low": 25960.5,
      "proximal_line": 26007.25,
      "distal_line": 25960.5,
      "median_leg_body": 26.125,
      "ob_body": 8.5,
      "fvg": {
        "exists": true,
        "fvg_top": 25245.5,
        "fvg_bottom": 25179.5,
        "c1_idx": 100,
        "c3_idx": 102
      },
      "touches": 0,
      "status": "Pristine"
    },
    {
      "bos_idx": 119,
      "bos_swing_price": 25619.25,
      "impulse_start_idx": 100,
      "ob_idx": 116,
      "direction": "bullish",
      "bos_tag": "BOS",
      "high": 25598.25,
      "low": 25571.5,
      "proximal_line": 25598.25,
      "distal_line": 25571.5,
      "median_leg_body": 25.625,
      "ob_body": 19.25,
      "fvg": {
        "exists": true,
        "fvg_top": 25245.5,
        "fvg_bottom": 25179.5,
        "c1_idx": 100,
        "c3_idx": 102
      },
      "touches": 1,
      "status": "Tested (1x)"
    }
  ],
  "GOLD": [
    {
      "bos_idx": 125,
      "bos_swing_price": 4820.39990234375,
      "impulse_start_idx": 121,
      "ob_idx": 123,
      "direction": "bullish",
      "bos_tag": "BOS",
      "high": 4800.2001953125,
      "low": 4784.2001953125,
      "proximal_line": 4800.2001953125,
      "distal_line": 4784.2001953125,
      "median_leg_body": 8.89990234375,
      "ob_body": 3.80029296875,
      "fvg": {
        "exists": true,
        "fvg_top": 4816.7001953125,
        "fvg_bottom": 4800.2001953125,
        "c1_idx": 123,
        "c3_idx": 125
      },
      "touches": 0,
      "status": "Pristine"
    }
  ]
}