{
  "EURUSD": [
    {
      "bos_idx": 146,
      "bos_swing_price": 1.1810559034347534,
      "impulse_start_idx": 131,
      "ob_idx": 145,
      "direction": "bullish",
      "bos_tag": "BOS",
      "high": 1.1811953783035278,
      "low": 1.1800801753997803,
      "proximal_line": 1.1811953783035278,
      "distal_line": 1.1800801753997803,
      "median_leg_body": 0.000348508358001709,
      "ob_body": 0.0005577802658081055,
      "fvg": {
        "exists": false,
        "fvg_top": null,
        "fvg_bottom": null,
        "c1_idx": null,
        "c3_idx": null
      },
      "touches": 2,
      "status": "Tested (2x)"
    }
  ],
  "USDJPY": [
    {
      "bos_idx": 146,
      "bos_swing_price": 158.74000549316406,
      "impulse_start_idx": 138,
      "ob_idx": 140,
      "direction": "bearish",
      "bos_tag": "BOS",
      "high": 159.03399658203125,
      "low": 158.9250030517578,
      "proximal_line": 158.9250030517578,
      "distal_line": 159.03399658203125,
      "median_leg_body": 0.0619964599609375,
      "ob_body": 0.0659942626953125,
      "fvg": {
        "exists": false,
        "fvg_top": null,
        "fvg_bottom": null,
        "c1_idx": null,
        "c3_idx": null
      },
      "touches": 1,
      "status": "Tested (1x)"
    },
    {
      "bos_idx": 144,
      "bos_swing_price": 158.74000549316406,
      "impulse_start_idx": 138,
      "ob_idx": 140,
      "direction": "bearish",
      "bos_tag": "CHoCH",
      "high": 159.03399658203125,
      "low": 158.9250030517578,
      "proximal_line": 158.9250030517578,
      "distal_line": 159.03399658203125,
      "median_leg_body": 0.0619964599609375,
      "ob_body": 0.0659942626953125,
      "fvg": {
        "exists": false,
        "fvg_top": null,
        "fvg_bottom": null,
        "c1_idx": null,
        "c3_idx": null
      },
      "touches": 1,
      "status": "Tested (1x)"
    }
  ],
  "NZDUSD": [
    {
      "bos_idx": 102,
      "bos_swing_price": 0.5875095129013062,
      "impulse_start_idx": 97,
      "ob_idx": 97,
      "direction": "bullish",
      "bos_tag": "BOS",
      "high": 0.5868889093399048,
      "low": 0.5858917236328125,
      "proximal_line": 0.5868889093399048,
      "distal_line": 0.5858917236328125,
      "median_leg_body": 0.0005680322647094727,
      "ob_body": 0.0008938312530517578,
      "fvg": {
        "exists": true,
        "fvg_top": 0.5867855548858643,
        "fvg_bottom": 0.5863383412361145,
        "c1_idx": 98,
        "c3_idx": 100
      },
      "touches": 2,
      "status": "Tested (2x)"
    }
  ],
  "USDCHF": [
    {
      "bos_idx": 146,
      "bos_swing_price": 0.7806000113487244,
      "impulse_start_idx": 141,
      "ob_idx": 145,
      "direction": "bearish",
      "bos_tag": "CHoCH",
      "high": 0.7816299796104431,
      "low": 0.7808499932289124,
      "proximal_line": 0.7808499932289124,
      "distal_line": 0.7816299796104431,
      "median_leg_body": 0.0002600252628326416,
      "ob_body": 0.00031000375747680664,
      "fvg": {
        "exists": false,
        "fvg_top": null,
        "fvg_bottom": null,
        "c1_idx": null,
        "c3_idx": null
      },
      "touches": 1,
      "status": "Tested (1x)"
    }
  ],
  "NAS100": [
    {
      "bos_idx": 134,
      "bos_swing_price": 26058.0,
      "impulse_start_idx": 131,
      "ob_idx": 133,
      "direction": "bullish",
      "bos_tag": "BOS",
      "high": 26007.25,
      "low": 25960.5,
      "proximal_line": 26007.25,
      "distal_line": 25960.5,
      "median_leg_body": 10.625,
      "ob_body": 8.5,
      "fvg": {
        "exists": false,
        "fvg_top": null,
        "fvg_bottom": null,
        "c1_idx": null,
        "c3_idx": null
      },
      "touches": 0,
      "status": "Pristine"
    }
  ],
  "GOLD": [
    {
      "bos_idx": 148,
      "bos_swing_price": 4854.60009765625,
      "impulse_start_idx": 136,
      "ob_idx": 145,
      "direction": "bullish",
      "bos_tag": "BOS",
      "high": 4858.60009765625,
      "low": 4832.89990234375,
      "proximal_line": 4858.60009765625,
      "distal_line": 4832.89990234375,
      "median_leg_body": 9.30029296875,
      "ob_body": 14.80029296875,
      "fvg": {
        "exists": false,
        "fvg_top": null,
        "fvg_bottom": null,
        "c1_idx": null,
        "c3_idx": null
      },
      "touches": 3,
      "status": "Tested (3x)"
    },
    {
      "bos_idx": 144,
      "bos_swing_price": 4854.60009765625,
      "impulse_start_idx": 136,
      "ob_idx": 141,
      "direction": "bullish",
      "bos_tag": "BOS",
      "high": 4819.39990234375,
      "low": 4810.5,
      "proximal_line": 4819.39990234375,
      "distal_line": 4810.5,
      "median_leg_body": 9.30029296875,
      "ob_body": 4.80029296875,
      "fvg": {
        "exists": true,
        "fvg_top": 4829.2001953125,
        "fvg_bottom": 4819.39990234375,
        "c1_idx": 141,
        "c3_idx": 143
      },
      "touches": 0,
      "status": "Pristine"
    }
  ]
}