{"BTCUSD_69433.221": {"last_alert_price": 69401.3125}, "SILVER_84.465": {"last_alert_price": 84.5}, "BTCUSD_69463.3242": {"last_alert_price": 69817.6484375}, "GOLD_5179.5743": {"last_alert_price": 5190.89990234375}, "SILVER_87.135": {"last_alert_price": 87.19499969482422}, "BTCUSD_70389.0134": {"last_alert_price": 70000.921875}, "NAS100_25006.5987": {"last_alert_price": 24916.0}, "GOLD_5178.635": {"last_alert_price": 5194.7998046875}}