{"BTCUSD_69433.221": {"last_alert_price": 69401.3125}, "SILVER_84.465": {"last_alert_price": 84.5}, "BTCUSD_69463.3242": {"last_alert_price": 69817.6484375}, "GOLD_5179.5743": {"last_alert_price": 5190.89990234375}, "SILVER_87.135": {"last_alert_price": 87.19499969482422}, "BTCUSD_70389.0134": {"last_alert_price": 70000.921875}, "NAS100_25006.5987": {"last_alert_price": 24916.0}, "GOLD_5178.635": {"last_alert_price": 5194.7998046875}, "EURUSD_bo_1.1535": {"last_alert_price": 1.152339220046997}, "NZDUSD_0.5858": {"last_alert_price": 0.5870956182479858}, "NZDUSD_bo_0.5895": {"last_alert_price": 0.5870956182479858}, "BTCUSD_69431.7109": {"last_alert_price": 69855.3671875}, "BTCUSD_bo_70162.8359": {"last_alert_price": 69855.3671875}, "NAS100_24600.75": {"last_alert_price": 24614.75}, "NAS100_bo_24694.5": {"last_alert_price": 24614.75}, "GOLD_bo_5158.3999": {"last_alert_price": 5158.7001953125}, "SILVER_bo_86.505": {"last_alert_price": 85.90499877929688}, "BTCUSD_70970.9427": {"last_alert_price": 70426.0546875}, "SILVER_85.3165": {"last_alert_price": 85.0}, "USDJPY_bo_159.429": {"last_alert_price": 159.44000244140625}, "NZDUSD_bo_0.5839": {"last_alert_price": 0.5832944512367249}, "BTCUSD_70943.5004": {"last_alert_price": 71358.4375}, "NAS100_24539.0417": {"last_alert_price": 24572.25}, "GOLD_5092.7998": {"last_alert_price": 5106.2001953125}, "SILVER_84.06": {"last_alert_price": 84.36499786376953}, "EURUSD_bo_1.1511": {"last_alert_price": 1.1460003852844238}, "SILVER_82.325": {"last_alert_price": 82.55500030517578}, "SILVER_bo_82.945": {"last_alert_price": 82.55500030517578}, "SILVER_83.0233": {"last_alert_price": 82.88500213623047}, "BTCUSD_72336.9922": {"last_alert_price": 72292.046875}, "BTCUSD_73527.2891": {"last_alert_price": 73790.484375}, "NAS100_bo_24662.25": {"last_alert_price": 24670.5}, "NZDUSD_0.5806": {"last_alert_price": 0.5800127387046814}, "BTCUSD_bo_71856.5312": {"last_alert_price": 71914.6328125}, "NAS100_24358.0": {"last_alert_price": 24429.0}, "NAS100_bo_24477.0": {"last_alert_price": 24429.0}, "GOLD_5065.8333": {"last_alert_price": 5051.2998046875}, "GOLD_bo_5058.2002": {"last_alert_price": 5051.2998046875}, "SILVER_80.6675": {"last_alert_price": 80.47000122070312}, "NZDUSD_0.5811": {"last_alert_price": 0.5809900164604187}, "SILVER_bo_81.515": {"last_alert_price": 80.95500183105469}, "EURUSD_bo_1.1492": {"last_alert_price": 1.1498217582702637}, "BTCUSD_74410.8867": {"last_alert_price": 74331.3515625}, "EURUSD_bo_1.1505": {"last_alert_price": 1.151543140411377}, "NZDUSD_bo_0.5816": {"last_alert_price": 0.5845560431480408}, "BTCUSD_bo_74363.125": {"last_alert_price": 74101.59375}, "SILVER_bo_78.535": {"last_alert_price": 78.83499908447266}, "BTCUSD_74813.3359": {"last_alert_price": 74591.078125}, "BTCUSD_74549.3027": {"last_alert_price": 73990.4453125}, "NAS100_24796.6367": {"last_alert_price": 24783.9375}, "SILVER_79.8425": {"last_alert_price": 79.80000305175781}, "BTCUSD_73531.2396": {"last_alert_price": 73840.9765625}, "BTCUSD_73912.0052": {"last_alert_price": 74020.5859375}, "GOLD_bo_5005.0": {"last_alert_price": 4989.2998046875}, "SILVER_78.835": {"last_alert_price": 79.11499786376953}, "EURUSD_bo_1.1533": {"last_alert_price": 1.15340256690979}, "NZDUSD_0.5859": {"last_alert_price": 0.5863039493560791}, "BTCUSD_74612.6609": {"last_alert_price": 74154.8046875}, "GOLD_bo_4973.5": {"last_alert_price": 4942.7998046875}, "EURUSD_bo_1.1547": {"last_alert_price": 1.1548677682876587}, "BTCUSD_73046.0495": {"last_alert_price": 72931.2109375}, "NZDUSD_bo_0.5861": {"last_alert_price": 0.5838733911514282}, "BTCUSD_bo_72931.9375": {"last_alert_price": 72827.34375}, "GOLD_bo_4970.1001": {"last_alert_price": 4905.60009765625}, "EURUSD_bo_1.1514": {"last_alert_price": 1.151012897491455}, "NZDUSD_0.581": {"last_alert_price": 0.5823094248771667}, "SILVER_bo_78.06": {"last_alert_price": 76.7249984741211}, "NAS100_bo_24747.5605": {"last_alert_price": 24615.2578125}, "BTCUSD_bo_71794.0078": {"last_alert_price": 71289.0546875}, "SILVER_77.125": {"last_alert_price": 76.8499984741211}, "SILVER_bo_77.125": {"last_alert_price": 76.8499984741211}, "BTCUSD_71096.3427": {"last_alert_price": 71645.4375}, "NAS100_24571.2572": {"last_alert_price": 24619.416015625}, "EURUSD_bo_1.149": {"last_alert_price": 1.1481056213378906}, "USDJPY_bo_159.684": {"last_alert_price": 159.7259979248047}, "NZDUSD_bo_0.5819": {"last_alert_price": 0.581125020980835}, "BTCUSD_bo_71299.9922": {"last_alert_price": 71298.4140625}, "NAS100_bo_24541.8418": {"last_alert_price": 24501.408203125}, "SILVER_75.635": {"last_alert_price": 75.82499694824219}, "BTCUSD_71098.3737": {"last_alert_price": 71538.7265625}, "GOLD_4837.1001": {"last_alert_price": 4848.2998046875}, "GOLD_bo_4806.0": {"last_alert_price": 4774.39990234375}, "EURUSD_bo_1.147": {"last_alert_price": 1.145737886428833}, "BTCUSD_69825.1016": {"last_alert_price": 70070.2265625}, "BTCUSD_bo_70420.7188": {"last_alert_price": 70070.2265625}, "USDJPY_bo_159.243": {"last_alert_price": 159.15499877929688}, "USDJPY_bo_158.905": {"last_alert_price": 158.90199279785156}, "BTCUSD_bo_69426.0781": {"last_alert_price": 69320.7109375}, "SILVER_bo_70.07": {"last_alert_price": 69.12999725341797}, "USDJPY_bo_158.315": {"last_alert_price": 158.13699340820312}, "NZDUSD_bo_0.5829": {"last_alert_price": 0.5844535231590271}, "BTCUSD_bo_69453.5": {"last_alert_price": 69153.2890625}, "USDJPY_158.1067": {"last_alert_price": 157.7239990234375}, "BTCUSD_bo_69619.6797": {"last_alert_price": 69508.1953125}, "NZDUSD_0.5839": {"last_alert_price": 0.5833965539932251}, "BTCUSD_bo_69825.1016": {"last_alert_price": 69250.6953125}, "BTCUSD_bo_69491.3828": {"last_alert_price": 69571.46875}, "SILVER_70.07": {"last_alert_price": 70.06999969482422}, "BTCUSD_69485.2057": {"last_alert_price": 69858.3515625}, "EURUSD_1.1592": {"last_alert_price": 1.1588828563690186}, "EURUSD_1.1593": {"last_alert_price": 1.1584800481796265}, "USDJPY_158.0989": {"last_alert_price": 157.9239959716797}, "EURUSD_1.1573": {"last_alert_price": 1.1576753854751587}, "NZDUSD_0.5884": {"last_alert_price": 0.587440550327301}, "NAS100_24314.3073": {"last_alert_price": 24352.7265625}, "EURUSD_1.1574": {"last_alert_price": 1.1575413942337036}, "EURUSD_bo_1.1574": {"last_alert_price": 1.1576753854751587}, "NZDUSD_bo_0.5873": {"last_alert_price": 0.588893473148346}, "BTCUSD_bo_70743.3203": {"last_alert_price": 71267.171875}, "GOLD_4661.6001": {"last_alert_price": 4673.60009765625}, "EURUSD_bo_1.1557": {"last_alert_price": 1.156203031539917}, "NAS100_24314.2884": {"last_alert_price": 24352.7265625}, "BTCUSD_71065.7704": {"last_alert_price": 70710.265625}, "USDJPY_158.2666": {"last_alert_price": 158.57200622558594}, "BTCUSD_69783.0273": {"last_alert_price": 70317.3984375}, "USDJPY_bo_158.977": {"last_alert_price": 159.0399932861328}, "SILVER_71.29": {"last_alert_price": 71.11000061035156}, "NZDUSD_bo_0.585": {"last_alert_price": 0.5833625197410583}, "NAS100_bo_24104.877": {"last_alert_price": 24082.1484375}, "SILVER_bo_71.29": {"last_alert_price": 69.4749984741211}, "USDJPY_bo_159.235": {"last_alert_price": 159.26199340820312}, "BTCUSD_67439.6328": {"last_alert_price": 67689.6875}, "BTCUSD_68258.4665": {"last_alert_price": 67845.5859375}, "BTCUSD_bo_68213.7422": {"last_alert_price": 68259.59375}, "SILVER_68.5": {"last_alert_price": 68.68000030517578}, "GOLD_4505.0": {"last_alert_price": 4508.7001953125}, "BTCUSD_bo_68170.4453": {"last_alert_price": 68150.1875}, "BTCUSD_68273.1367": {"last_alert_price": 68284.4765625}, "USDJPY_bo_159.452": {"last_alert_price": 159.46299743652344}, "NZDUSD_bo_0.5834": {"last_alert_price": 0.5823094248771667}, "GOLD_bo_4478.3999": {"last_alert_price": 4408.5}, "SILVER_bo_68.5": {"last_alert_price": 66.80000305175781}, "BTCUSD_67403.3477": {"last_alert_price": 67924.46875}, "BTCUSD_68272.4648": {"last_alert_price": 68181.5390625}, "SILVER_65.55": {"last_alert_price": 65.48500061035156}, "NZDUSD_bo_0.5806": {"last_alert_price": 0.5797437429428101},