{"BTCUSD_69433.221": {"last_alert_price": 69401.3125}, "SILVER_84.465": {"last_alert_price": 84.5}, "BTCUSD_69463.3242": {"last_alert_price": 69817.6484375}, "GOLD_5179.5743": {"last_alert_price": 5190.89990234375}, "SILVER_87.135": {"last_alert_price": 87.19499969482422}, "BTCUSD_70389.0134": {"last_alert_price": 70000.921875}, "NAS100_25006.5987": {"last_alert_price": 24916.0}, "GOLD_5178.635": {"last_alert_price": 5194.7998046875}, "EURUSD_bo_1.1535": {"last_alert_price": 1.152339220046997}, "NZDUSD_0.5858": {"last_alert_price": 0.5870956182479858}, "NZDUSD_bo_0.5895": {"last_alert_price": 0.5870956182479858}, "BTCUSD_69431.7109": {"last_alert_price": 69855.3671875}, "BTCUSD_bo_70162.8359": {"last_alert_price": 69855.3671875}, "NAS100_24600.75": {"last_alert_price": 24614.75}, "NAS100_bo_24694.5": {"last_alert_price": 24614.75}, "GOLD_bo_5158.3999": {"last_alert_price": 5158.7001953125}, "SILVER_bo_86.505": {"last_alert_price": 85.90499877929688}, "BTCUSD_70970.9427": {"last_alert_price": 70426.0546875}, "SILVER_85.3165": {"last_alert_price": 85.0}, "USDJPY_bo_159.429": {"last_alert_price": 159.44000244140625}, "NZDUSD_bo_0.5839": {"last_alert_price": 0.5833284854888916}, "BTCUSD_70943.5004": {"last_alert_price": 71358.4375}, "NAS100_24539.0417": {"last_alert_price": 24572.25}, "GOLD_5092.7998": {"last_alert_price": 5106.2001953125}, "SILVER_84.06": {"last_alert_price": 84.36499786376953}}